Year,Player,Team,Position,GP,PPTOI,PPGoals,PPTotal_Assists,PPFirst_Assists,PPSecond_Assists,PPTotal_Points,PPShots,PPSHPer,PPiCF,PPiFF,PPiSCF,PPiHDCF,PPRush_Attempts,PPRebounds_Created,PPPIM,PPTotal_Penalties,PPMinor,PPMajor,PPMisconduct,PPPenalties_Drawn,PPGiveaways,PPTakeaways,PPHits,PPHits_Taken,PPShots_Blocked,PPFaceoffs_Won,PPFaceoffs_Lost,PPFaceoffs_Per
2015,Claude Giroux,PHI,C,81,267.6,14,23,7,16,37,64,21.88,122,79,40,5,0,9,4,2,2,0,0,3,7,0,5,11,1,192,132,59.26
2015,Alex Ovechkin,WSH,L,81,309.2666667,25,9,6,3,34,134,18.66,265,205,104,20,0,9,12,6,6,0,0,1,5,3,6,7,0,0,0,-
2015,Nicklas Backstrom,WSH,C,82,254.05,3,30,14,16,33,34,8.82,59,45,34,7,0,5,0,0,0,0,0,1,7,2,2,4,1,88,66,57.14
2015,Jakub Voracek,PHI,R,82,267.7333333,11,22,8,14,33,65,16.92,136,92,47,11,0,13,11,4,3,1,0,0,9,1,3,12,0,1,0,100
2015,Joe Pavelski,S.J,C,82,269.1833333,19,12,10,2,31,91,20.88,131,112,98,61,0,13,2,1,1,0,0,2,18,3,1,8,3,114,71,61.62
2015,Sidney Crosby,PIT,C,77,279.9666667,10,21,10,11,31,55,18.18,88,70,51,22,1,5,4,2,2,0,0,2,14,3,4,18,0,176,160,52.38
2015,John Tavares,NYI,C,82,303.5666667,13,18,7,11,31,73,17.81,107,91,79,39,4,14,12,6,6,0,0,2,29,6,4,13,2,147,142,50.87
2015,Mark Streit,PHI,D,81,290.6666667,4,26,16,10,30,50,8,121,69,23,3,2,13,0,0,0,0,0,0,5,2,5,2,6,0,0,-
2015,Erik Karlsson,OTT,D,82,393.5166667,6,24,14,10,30,93,6.45,208,145,49,6,4,16,6,3,3,0,0,1,11,4,5,5,5,0,0,-
2015,Keith Yandle,"ARI, NYR",D,84,348.2,2,27,9,18,29,71,2.82,148,98,43,3,1,14,8,4,4,0,0,0,17,5,0,3,8,0,0,-
2015,Tyler Seguin,DAL,C,71,274.3166667,13,16,12,4,29,86,15.12,175,118,64,10,1,14,2,1,1,0,0,3,11,2,4,6,1,5,11,31.25
2015,Henrik Zetterberg,DET,L,77,247.5166667,4,24,15,9,28,47,8.51,109,77,46,17,0,7,8,4,4,0,0,0,10,3,0,10,0,95,93,50.53
2015,Evgeni Malkin,PIT,C,69,251.8333333,9,17,9,8,26,63,14.29,121,94,53,19,0,11,12,6,6,0,0,3,16,3,3,17,1,4,11,26.67
2015,Nick Foligno,CBJ,L,79,198.9166667,11,15,10,5,26,31,35.48,47,40,40,32,1,3,13,5,4,1,0,1,4,4,6,8,0,7,7,50
2015,Ryan Johansen,CBJ,C,82,234.2166667,7,19,9,10,26,51,13.73,95,69,37,8,0,6,8,3,3,0,0,2,12,2,4,4,0,129,117,52.44
2015,Andrei Markov,MTL,D,81,262.7,4,21,14,7,25,31,12.9,65,45,13,5,0,4,6,3,3,0,0,0,3,7,2,3,8,0,0,-
2015,Daniel Sedin,VAN,L,82,244.7833333,4,21,11,10,25,44,9.09,66,58,47,28,0,5,0,0,0,0,0,0,6,0,1,4,0,0,1,0
2015,Henrik Sedin,VAN,C,82,242.7666667,5,20,11,9,25,17,29.41,33,23,25,13,1,0,0,0,0,0,0,0,9,0,0,8,2,114,117,49.35
2015,Jason Spezza,DAL,C,82,300.35,3,22,8,14,25,47,6.38,97,71,52,20,0,5,4,2,2,0,0,2,17,5,0,6,2,126,93,57.53
2015,Phil Kessel,TOR,R,82,301.3833333,8,17,8,9,25,75,10.67,146,98,61,15,1,10,4,2,2,0,0,0,16,1,0,11,1,1,1,50
2015,Kevin Shattenkirk,STL,D,56,191.4666667,4,21,11,10,25,41,9.76,77,54,18,1,0,3,4,2,2,0,0,0,6,3,0,4,5,0,0,-
2015,Steven Stamkos,T.B,C,82,289.7166667,13,12,8,4,25,73,17.81,157,108,54,7,1,5,16,4,3,0,1,0,12,2,2,8,1,44,36,55
2015,Patrick Marleau,S.J,"C, L",82,268.5666667,7,17,9,8,24,69,10.14,133,97,70,36,3,16,0,0,0,0,0,0,18,4,5,12,2,16,15,51.61
2015,Pavel Datsyuk,DET,C,63,180.45,8,16,8,8,24,40,20,74,57,47,22,1,4,0,0,0,0,0,1,6,3,0,5,3,119,91,56.67
2015,Alexander Steen,STL,L,74,244.15,8,16,12,4,24,61,13.11,127,81,45,8,1,9,2,1,1,0,0,1,8,2,0,5,4,4,1,80
2015,Brent Burns,S.J,D,82,279.7166667,7,17,9,8,24,70,10,160,101,46,9,1,9,9,3,2,1,0,0,17,3,4,4,6,0,0,-
2015,Anze Kopitar,L.A,C,79,224.5666667,6,18,10,8,24,26,23.08,54,36,25,12,0,8,2,1,1,0,0,0,13,0,5,12,0,109,77,58.6
2015,Kris Letang,PIT,D,69,263.35,2,22,11,11,24,49,4.08,86,63,31,7,0,8,14,7,7,0,0,1,13,7,15,8,4,0,0,-
2015,Logan Couture,S.J,C,82,263.1833333,6,18,7,11,24,60,10,124,96,68,32,0,12,4,2,2,0,0,1,15,7,0,8,0,19,11,63.33
2015,Wayne Simmonds,PHI,R,75,236.4833333,14,10,5,5,24,54,25.93,80,74,71,57,0,5,19,5,2,3,0,0,5,2,7,18,0,0,0,-
2015,Gustav Nyquist,DET,R,82,246.3666667,14,10,2,8,24,48,29.17,75,61,54,33,0,5,8,4,4,0,0,1,11,1,0,8,1,0,1,0
2015,Radim Vrbata,VAN,R,79,229.55,12,11,4,7,23,77,15.58,129,103,56,19,3,3,4,2,2,0,0,0,5,2,1,4,1,1,1,50
2015,Niklas Kronwall,DET,D,80,257.45,3,20,9,11,23,39,7.69,80,55,17,2,0,6,0,0,0,0,0,0,3,0,8,5,6,0,0,-
2015,Jamie Benn,DAL,L,82,292.4833333,10,13,8,5,23,55,18.18,93,80,58,38,2,10,7,2,1,1,0,1,11,6,6,11,1,86,77,52.76
2015,Joe Thornton,S.J,C,78,246.0333333,4,18,7,11,22,26,15.38,59,38,40,14,1,7,4,2,2,0,0,0,12,3,1,4,2,77,58,57.04
2015,Patrick Kane,CHI,R,61,223.2166667,6,16,9,7,22,41,14.63,71,53,36,13,0,2,2,1,1,0,0,1,6,3,2,9,0,0,0,-
2015,Dennis Wideman,CGY,D,80,247.2333333,6,15,7,8,21,70,8.57,148,93,37,5,1,13,2,1,1,0,0,1,10,2,6,6,3,0,0,-
2015,Jack Johnson,CBJ,D,79,213.2666667,3,18,7,11,21,33,9.09,61,47,25,5,1,3,0,0,0,0,0,0,2,0,5,6,2,0,0,-
2015,P.K. Subban,MTL,D,82,302.2166667,8,13,9,4,21,67,11.94,155,94,25,1,1,6,10,5,5,0,0,1,10,3,5,8,8,0,0,-
2015,Jordan Eberle,EDM,"C, R",81,212.4,6,15,8,7,21,44,13.64,67,54,42,16,0,4,0,0,0,0,0,0,12,3,1,8,0,0,0,-
2015,Johnny Gaudreau,CGY,L,80,224.5333333,8,13,9,4,21,36,22.22,55,45,32,17,0,2,0,0,0,0,0,1,25,3,1,5,0,0,1,0
2015,Marek Zidlicky,"DET, N.J",D,84,221.9666667,6,14,6,8,20,39,15.38,87,61,21,5,0,3,6,3,3,0,0,1,5,1,2,4,1,0,0,-
2015,Oliver Ekman-Larsson,ARI,D,82,318.5666667,10,10,6,4,20,93,10.75,206,138,64,11,2,12,2,1,1,0,0,3,10,2,9,9,2,0,0,-
2015,Justin Faulk,CAR,D,82,223.55,7,13,7,6,20,63,11.11,122,91,28,2,0,8,6,3,3,0,0,0,6,6,0,8,4,0,0,-
2015,Andrew Ladd,WPG,L,81,259.6833333,9,10,4,6,19,51,17.65,88,74,74,39,3,4,13,5,4,1,0,3,4,1,8,5,1,1,0,100
2015,James van Riemsdyk,TOR,L,82,290.1833333,9,10,7,3,19,53,16.98,83,76,69,52,0,4,10,5,5,0,0,4,5,4,9,10,0,8,12,40
2015,Brayden Schenn,PHI,C,82,244.8,7,12,10,2,19,55,12.73,95,82,87,55,1,9,9,3,2,1,0,2,1,2,4,13,0,15,10,60
2015,Tomas Tatar,DET,L,82,201.75,9,10,6,4,19,53,16.98,91,74,59,20,1,7,4,2,2,0,0,2,10,4,2,8,0,0,1,0
2015,Filip Forsberg,NSH,L,82,231.9,6,13,6,7,19,41,14.63,79,60,41,5,0,4,8,4,4,0,0,1,17,2,4,5,1,0,1,0
2015,Marian Gaborik,L.A,R,69,190.6166667,11,7,6,1,18,40,27.5,61,53,46,31,0,8,2,1,1,0,0,0,7,0,1,2,0,0,0,-
2015,Frans Nielsen,NYI,C,78,223.8333333,4,14,9,5,18,36,11.11,60,48,45,19,0,7,0,0,0,0,0,1,7,3,0,11,1,19,17,52.78
2015,Bryan Little,WPG,C,70,223.8833333,9,9,6,3,18,40,22.5,78,55,55,17,2,5,4,2,2,0,0,4,5,1,4,4,2,108,86,55.67
2015,Kyle Okposo,NYI,R,60,226.4333333,6,12,5,7,18,43,13.95,82,66,55,23,0,7,0,0,0,0,0,2,8,3,1,14,0,21,24,46.67
2015,Derick Brassard,NYR,C,80,220.35,6,12,5,7,18,42,14.29,67,52,36,11,0,2,2,1,1,0,0,1,9,2,3,5,0,84,89,48.55
2015,Tyler Bozak,TOR,C,82,288.1833333,12,6,4,2,18,59,20.34,85,75,73,45,0,3,2,1,1,0,0,1,4,1,4,9,0,177,149,54.29
2015,Vladimir Tarasenko,STL,R,77,203.6833333,8,10,5,5,18,49,16.33,104,78,62,15,0,6,11,4,3,1,0,2,3,1,3,5,0,0,0,-
2015,Sean Monahan,CGY,C,81,229.6833333,10,8,5,3,18,40,25,72,62,55,29,0,1,0,0,0,0,0,0,6,7,2,4,0,132,129,50.57
2015,Marian Hossa,CHI,R,82,202.55,6,11,4,7,17,41,14.63,79,54,36,13,0,5,2,1,1,0,0,0,6,3,3,7,0,0,0,-
2015,Valtteri Filppula,T.B,C,82,279.2166667,2,15,7,8,17,14,14.29,31,22,13,4,0,2,0,0,0,0,0,0,10,2,1,8,0,109,75,59.24
2015,Eric Staal,CAR,C,77,200.65,7,10,8,2,17,39,17.95,83,55,57,29,0,8,9,3,2,1,0,1,7,1,1,10,0,81,57,58.7
2015,Thomas Vanek,MIN,L,80,240.95,5,12,8,4,17,50,10,83,74,56,33,0,8,8,4,4,0,0,0,14,3,1,2,0,3,5,37.5
2015,Dustin Byfuglien,WPG,D,69,265.1333333,5,12,5,7,17,64,7.81,156,95,42,11,2,12,6,3,3,0,0,2,10,1,10,1,2,0,0,-
2015,Mike Green,WSH,D,72,198.8,1,16,11,5,17,34,2.94,67,49,16,3,0,1,4,2,2,0,0,1,4,5,1,5,4,0,0,-
2015,Cody Franson,"NSH, TOR",D,78,197.05,5,12,5,7,17,34,14.71,62,41,20,4,0,9,2,1,1,0,0,0,5,4,6,3,7,0,0,-
2015,Jonathan Toews,CHI,C,81,272.0666667,6,11,5,6,17,53,11.32,93,80,72,31,1,6,12,6,6,0,0,1,6,2,4,19,0,208,122,63.03
2015,Drew Doughty,L.A,D,82,282.0833333,1,16,9,7,17,59,1.69,126,91,36,2,0,8,4,2,2,0,0,0,8,1,3,8,4,0,0,-
2015,Tyler Ennis,BUF,"C, L",78,237.6166667,6,11,9,2,17,41,14.63,68,51,36,25,0,7,11,4,3,1,0,3,3,1,5,8,1,8,15,34.78
2015,Tyler Johnson,T.B,C,77,172.3833333,8,9,8,1,17,27,29.63,59,42,30,7,0,3,4,2,2,0,0,4,5,0,1,8,0,74,62,54.41
2015,Sami Vatanen,ANA,D,67,207.7166667,7,10,2,8,17,47,14.89,95,68,26,3,0,8,2,1,1,0,0,2,8,6,1,7,2,1,1,50
2015,Gabriel Landeskog,COL,L,82,205.9166667,8,9,2,7,17,42,19.05,62,55,41,24,0,4,14,4,2,2,0,3,6,0,11,12,0,2,9,18.18
2015,Scott Hartnell,CBJ,L,77,204.3833333,8,8,3,5,16,37,21.62,52,47,45,31,2,5,28,11,9,2,0,1,5,3,10,3,1,0,1,0
2015,Tomas Plekanec,MTL,C,82,179.5833333,7,9,3,6,16,38,18.42,67,48,36,14,2,5,4,2,2,0,0,1,2,1,1,9,0,84,83,50.3
2015,Duncan Keith,CHI,D,80,265.6,3,13,8,5,16,49,6.12,113,66,31,2,0,3,0,0,0,0,0,0,6,1,0,4,3,0,0,-
2015,Chris Kunitz,PIT,L,74,230.3833333,9,7,4,3,16,41,21.95,63,55,49,30,0,4,18,5,4,0,1,0,6,2,27,12,0,4,3,57.14
2015,Zach Parise,MIN,L,74,244.6833333,11,5,2,3,16,58,18.97,82,73,60,42,0,8,4,2,2,0,0,3,3,6,4,18,0,0,4,0
2015,David Backes,STL,R,80,191.4833333,10,6,4,2,16,36,27.78,53,46,44,29,0,5,18,9,9,0,0,0,3,2,13,7,1,77,57,57.46
2015,Ryan Callahan,T.B,R,77,234.0166667,10,6,4,2,16,37,27.03,60,53,51,39,0,3,10,5,5,0,0,1,4,0,2,5,0,5,7,41.67
2015,Kyle Turris,OTT,C,82,248.75,4,12,7,5,16,44,9.09,97,64,39,13,0,6,4,2,2,0,0,4,11,0,5,12,1,114,87,56.72
2015,John Carlson,WSH,D,82,142.5833333,3,13,9,4,16,30,10,74,53,15,1,1,8,2,1,1,0,0,0,3,4,1,3,5,0,0,-
2015,Adam Henrique,N.J,C,75,131.5333333,5,11,6,5,16,15,33.33,29,24,26,20,0,4,12,2,1,0,1,0,5,0,2,4,1,33,21,61.11
2015,Tyson Barrie,COL,D,80,239.5,2,14,6,8,16,37,5.41,94,61,17,3,1,9,2,1,1,0,0,1,5,2,5,5,1,0,0,-
2015,Jaden Schwartz,STL,L,75,174.5666667,8,8,4,4,16,30,26.67,47,37,32,14,1,6,0,0,0,0,0,0,5,2,2,6,0,25,14,64.1
2015,Mikko Koivu,MIN,C,80,262.4666667,4,11,5,6,15,58,6.9,78,64,44,24,1,7,6,3,3,0,0,0,9,4,3,8,1,174,123,58.59
2015,Johnny Boychuk,NYI,D,72,192.3,5,10,5,5,15,54,9.26,106,77,26,3,0,8,4,2,2,0,0,1,3,0,5,8,1,0,0,-
2015,Jiri Hudler,CGY,R,78,232.7,5,10,6,4,15,42,11.9,64,56,49,30,0,3,2,1,1,0,0,2,6,6,6,7,1,6,8,42.86
2015,James Wisniewski,"ANA, CBJ",D,69,209.6166667,7,8,4,4,15,47,14.89,100,63,34,6,3,6,4,2,2,0,0,0,3,0,3,4,2,0,0,-
2015,Dion Phaneuf,TOR,D,70,247.0833333,2,13,8,5,15,48,4.17,111,77,21,2,0,8,19,8,7,1,0,1,6,2,9,5,4,0,0,-
2015,Jeff Carter,L.A,C,82,228.0333333,10,5,3,2,15,41,24.39,84,67,53,21,2,3,6,3,3,0,0,2,9,2,3,7,0,93,65,58.86
2015,Brent Seabrook,CHI,D,82,199.0166667,4,11,4,7,15,54,7.41,101,78,12,1,0,5,4,2,2,0,0,0,7,0,2,6,4,0,0,-
2015,Shea Weber,NSH,D,78,240.6666667,5,10,6,4,15,72,6.94,148,112,25,2,0,5,6,3,3,0,0,1,5,1,4,3,5,0,0,-
2015,Paul Stastny,STL,C,74,173.35,7,8,2,6,15,28,25,46,37,36,18,0,3,2,1,1,0,0,0,2,0,1,5,0,72,47,60.5
2015,Patric Hornqvist,PIT,R,64,212.8666667,6,9,4,5,15,57,10.53,80,71,69,45,1,9,14,7,7,0,0,1,2,1,8,19,1,0,0,-
2015,Roman Josi,NSH,D,81,251.85,3,12,7,5,15,41,7.32,85,49,19,0,0,7,6,3,3,0,0,1,3,0,4,6,8,0,0,-
2015,Marcus Johansson,WSH,L,82,239.6666667,3,12,1,11,15,22,13.64,38,31,30,18,1,2,2,1,1,0,0,3,11,2,3,14,0,1,1,50
2015,Brock Nelson,NYI,C,82,223.35,10,5,4,1,15,49,20.41,76,65,67,46,0,8,6,3,3,0,0,2,11,3,2,10,0,15,9,62.5
2015,Nikita Kucherov,T.B,R,82,180.75,2,13,6,7,15,33,6.06,61,48,35,8,0,2,6,3,3,0,0,1,14,0,1,7,0,0,0,-
2015,Dougie Hamilton,BOS,D,72,180.6166667,5,10,4,6,15,50,10,114,84,26,2,1,3,2,1,1,0,0,1,4,1,4,1,2,0,0,-
2015,Elias Lindholm,CAR,C,81,203.75,4,11,4,7,15,29,13.79,51,36,27,15,0,2,8,4,4,0,0,0,9,3,7,16,0,40,27,59.7
2015,Alex Tanguay,COL,L,80,193.3666667,2,12,7,5,14,22,9.09,39,29,14,8,0,4,8,4,4,0,0,1,1,0,5,2,1,1,0,100
2015,Scott Gomez,N.J,C,58,111.55,0,14,5,9,14,5,0,13,8,6,0,0,0,0,0,0,0,0,1,5,0,1,2,0,50,52,49.02
2015,Antoine Vermette,"ARI, CHI",C,82,186.5166667,6,8,5,3,14,22,27.27,30,25,22,15,0,3,2,1,1,0,0,1,8,1,3,8,0,141,95,59.75
2015,Jason Pominville,MIN,R,82,275.9,3,11,7,4,14,68,4.41,121,90,49,12,0,8,0,0,0,0,0,2,4,3,4,7,3,6,7,46.15
2015,Patrick Sharp,CHI,L,68,193.75,8,6,4,2,14,53,15.09,114,74,41,10,1,7,2,1,1,0,0,0,3,3,2,4,1,4,8,33.33
2015,Patrice Bergeron,BOS,C,81,189.75,4,10,6,4,14,42,9.52,96,73,69,21,0,9,0,0,0,0,0,1,6,1,8,10,1,181,106,63.07
2015,Mark Giordano,CGY,D,61,193.5833333,2,12,6,6,14,48,4.17,101,66,28,1,1,5,4,2,2,0,0,0,4,2,1,5,6,0,0,-
2015,Alexander Edler,VAN,D,74,216.8,5,9,4,5,14,43,11.63,109,65,29,3,0,9,12,6,6,0,0,2,6,1,4,8,4,0,0,-
2015,Troy Brouwer,WSH,R,82,244.0833333,8,6,2,4,14,43,18.6,79,64,64,28,0,5,19,8,7,1,0,3,4,1,15,5,0,98,63,60.87
2015,Bobby Ryan,OTT,R,78,242.0333333,4,10,4,6,14,56,7.14,89,72,39,17,1,7,2,1,1,0,0,1,6,2,10,9,2,0,0,-
2015,Justin Abdelkader,DET,L,71,198.45,8,6,5,1,14,36,22.22,49,47,42,36,1,5,32,13,11,2,0,7,2,0,8,7,0,2,1,66.67
2015,Kris Russell,CGY,D,79,191.2333333,1,13,4,9,14,13,7.69,40,18,12,0,0,3,0,0,0,0,0,0,7,0,0,2,9,0,0,-
2015,Anton Stralman,T.B,D,82,204.4833333,2,12,6,6,14,13,15.38,33,16,5,0,0,1,2,1,1,0,0,1,9,1,2,5,2,0,0,-
2015,Jake Muzzin,L.A,D,76,193.6833333,4,10,1,9,14,46,8.7,89,62,27,3,0,6,0,0,0,0,0,0,4,1,3,6,2,0,0,-
2015,Ryan Nugent-Hopkins,EDM,C,76,206.6,2,12,3,9,14,31,6.45,76,47,43,10,0,4,2,1,1,0,0,3,7,1,7,6,1,102,93,52.31
2015,Mika Zibanejad,OTT,C,80,215.05,4,10,4,6,14,36,11.11,74,55,40,11,1,4,4,2,2,0,0,3,6,1,6,10,0,95,103,47.98
2015,Torey Krug,BOS,D,78,204.2,2,12,7,5,14,62,3.23,119,84,32,4,0,7,5,1,0,1,0,0,4,1,3,8,4,0,0,-
2015,Jarome Iginla,COL,R,82,228.1666667,8,5,3,2,13,57,14.04,105,76,43,11,0,6,4,2,2,0,0,2,6,1,4,4,1,11,12,47.83
2015,Martin St. Louis,NYR,R,74,213.1166667,5,8,5,3,13,39,12.82,72,57,39,18,1,1,4,2,2,0,0,2,9,3,0,4,0,9,8,52.94
2015,Justin Williams,L.A,R,81,130.8666667,4,9,4,5,13,29,13.79,47,42,24,11,0,2,5,1,0,1,0,3,7,2,0,11,1,0,0,-
2015,Ryan Getzlaf,ANA,C,77,232.3333333,3,10,7,3,13,46,6.52,81,59,43,9,0,4,17,7,6,1,0,0,12,3,0,19,1,55,61,47.41
2015,T.J. Oshie,STL,R,72,168.65,3,10,5,5,13,22,13.64,40,31,20,4,0,3,8,4,4,0,0,1,3,1,8,12,0,0,2,0
2015,Evgeny Kuznetsov,WSH,C,80,110.2,4,9,5,4,13,27,14.81,40,29,23,3,0,1,2,1,1,0,0,3,4,2,0,6,0,32,32,50
2015,Mark Stone,OTT,R,80,191.7166667,5,8,2,6,13,33,15.15,50,43,40,29,1,4,8,4,4,0,0,2,7,6,1,7,1,2,1,66.67
2015,Mark Scheifele,WPG,C,82,199.3833333,3,10,4,6,13,31,9.68,54,38,39,13,0,2,2,1,1,0,0,1,6,3,3,11,1,82,80,50.62
2015,Aaron Ekblad,FLA,D,81,226.55,6,7,1,6,13,39,15.38,83,58,19,5,0,7,4,2,2,0,0,0,2,3,6,6,2,0,0,-
2015,Brian Campbell,FLA,D,82,248.4666667,1,11,7,4,12,38,2.63,64,48,18,2,0,3,2,1,1,0,0,0,6,1,3,8,2,0,0,-
2015,David Legwand,OTT,C,80,185.8666667,6,6,4,2,12,21,28.57,37,29,24,15,0,3,4,2,2,0,0,1,8,5,1,13,0,56,50,52.83
2015,Mike Ribeiro,NSH,C,82,238.6,1,11,5,6,12,13,7.69,25,22,15,8,0,2,6,3,3,0,0,0,17,3,1,13,0,101,113,47.2
2015,Rick Nash,NYR,R,79,212.5666667,6,6,4,2,12,47,12.77,70,59,48,31,0,7,2,1,1,0,0,0,8,2,0,7,1,0,0,-
2015,Trevor Daley,DAL,D,68,187.05,6,6,4,2,12,31,19.35,61,40,25,5,1,2,6,3,3,0,0,0,4,3,0,7,5,0,0,-
2015,Blake Wheeler,WPG,R,79,255.9833333,2,10,5,5,12,39,5.13,72,62,48,29,2,4,7,2,1,1,0,3,11,1,3,15,1,4,3,57.14
2015,Mathieu Perreault,WPG,C,62,187.95,5,7,6,1,12,31,16.13,57,40,33,15,0,6,4,2,2,0,0,2,4,3,1,10,1,51,46,52.58
2015,Teddy Purcell,EDM,L,82,186.0666667,5,7,6,1,12,21,23.81,39,32,28,13,1,2,0,0,0,0,0,1,6,1,0,3,1,0,0,-
2015,Sam Gagner,ARI,C,81,182.7833333,6,6,5,1,12,32,18.75,56,47,30,13,0,5,2,1,1,0,0,0,5,0,3,6,0,64,51,55.65
2015,Ryan McDonagh,NYR,D,71,164.4666667,3,9,4,5,12,39,7.69,66,50,22,5,1,6,2,1,1,0,0,1,5,7,5,7,4,0,0,-
2015,Alex Pietrangelo,STL,D,81,197.2333333,1,11,6,5,12,42,2.38,66,57,18,5,0,4,2,1,1,0,0,0,3,3,0,6,2,0,0,-
2015,Mikkel Boedker,ARI,L,45,127.6333333,3,9,4,5,12,16,18.75,31,22,16,6,0,1,0,0,0,0,0,1,3,1,4,3,0,0,0,-
2015,Justin Schultz,EDM,D,81,226.7,0,12,7,5,12,27,0,77,45,16,3,0,5,0,0,0,0,0,0,5,5,2,2,2,0,0,-
2015,Ryan O'Reilly,COL,C,82,216.8166667,2,10,6,4,12,26,7.69,49,40,38,20,0,1,0,0,0,0,0,1,2,4,3,3,3,116,90,56.31
2015,Nick Leddy,NYI,D,78,191.3666667,1,11,4,7,12,20,5,47,30,16,1,0,4,4,2,2,0,0,0,10,4,4,6,2,0,0,-
2015,Nick Bjugstad,FLA,C,72,167.1333333,7,5,3,2,12,42,16.67,67,57,34,11,0,4,8,4,4,0,0,0,5,0,8,6,3,77,63,55
2015,Jonathan Huberdeau,FLA,L,79,184.6,0,12,8,4,12,29,0,34,32,21,11,0,4,10,5,5,0,0,3,5,0,1,8,0,0,3,0
2015,Alex Galchenyuk,MTL,C,80,177.9666667,3,9,3,6,12,31,9.68,58,45,37,22,0,8,11,4,3,1,0,1,1,0,0,13,0,13,13,50
2015,Jaromir Jagr,"FLA, N.J",R,77,182.05,4,7,5,2,11,27,14.81,48,33,34,12,2,0,2,1,1,0,0,1,8,2,0,6,0,0,0,-
2015,Joel Ward,WSH,R,82,124.8,6,5,3,2,11,19,31.58,34,29,31,15,0,3,6,3,3,0,0,0,2,1,1,3,0,23,21,52.27
2015,Mike Cammalleri,N.J,"C, L",68,148.35,9,2,2,0,11,30,30,54,42,31,8,0,2,6,3,3,0,0,0,5,1,1,2,2,15,8,65.22
2015,Ryan Suter,MIN,D,77,295.7666667,1,10,5,5,11,39,2.56,97,58,23,0,2,4,0,0,0,0,0,0,4,4,4,0,3,0,0,-
2015,Ryan Kesler,ANA,C,81,203.55,5,6,5,1,11,57,8.77,115,84,68,20,2,6,11,4,3,1,0,1,4,2,9,11,1,131,94,58.22
2015,Loui Eriksson,BOS,L,81,194.9,6,5,3,2,11,32,18.75,49,44,40,32,0,5,0,0,0,0,0,2,3,1,0,7,0,0,0,-
2015,Matt Moulson,BUF,L,77,211.4166667,3,8,5,3,11,36,8.33,51,45,41,26,0,3,4,2,2,0,0,1,5,1,2,2,1,5,2,71.43
2015,Curtis Glencross,"CGY, WSH",L,71,136,4,7,5,2,11,19,21.05,31,27,26,20,0,7,13,5,4,1,0,1,5,0,5,2,0,2,2,50
2015,Johan Franzen,DET,R,33,106.3666667,4,7,2,5,11,20,20,38,31,21,9,0,3,6,3,3,0,0,1,2,1,3,4,0,1,2,33.33
2015,David Desharnais,MTL,C,82,195.5666667,2,9,3,6,11,9,22.22,19,12,15,7,0,2,6,3,3,0,0,1,6,1,2,14,0,113,70,61.75
2015,Max Pacioretty,MTL,L,80,206.35,7,4,2,2,11,38,18.42,86,57,41,17,1,7,6,3,3,0,0,0,5,2,1,9,0,0,2,0
2015,Jason Garrison,T.B,D,70,119.5833333,1,10,3,7,11,16,6.25,35,23,4,0,0,2,0,0,0,0,0,0,2,4,2,0,3,0,0,-
2015,Jimmy Hayes,FLA,R,72,143.45,4,7,5,2,11,22,18.18,33,30,28,20,2,4,14,7,7,0,0,0,3,1,1,8,0,1,0,100
2015,Kyle Palmieri,ANA,R,57,97.53333333,5,6,3,3,11,25,20,40,34,24,17,2,4,2,1,1,0,0,1,5,2,3,10,0,2,1,66.67
2015,Victor Hedman,T.B,D,59,146.9833333,3,8,2,6,11,22,13.64,41,32,8,2,0,2,2,1,1,0,0,0,5,3,0,7,4,0,0,-
2015,Reilly Smith,BOS,R,81,145.5333333,1,10,6,4,11,17,5.88,58,32,23,8,2,4,4,2,2,0,0,0,9,1,2,7,1,1,0,100
2015,Riley Sheahan,DET,C,79,188.9,5,6,5,1,11,24,20.83,37,34,32,26,0,5,2,1,1,0,0,0,6,2,1,12,0,53,40,56.99
2015,John Klingberg,DAL,D,65,191.5166667,2,9,5,4,11,26,7.69,56,37,20,4,0,5,2,1,1,0,0,1,9,2,0,8,2,0,0,-
2015,Ondrej Palat,T.B,L,75,175.0166667,3,8,5,3,11,15,20,28,24,19,8,0,1,2,1,1,0,0,3,5,2,3,6,0,0,2,0
2015,Victor Rask,CAR,C,80,199.9833333,2,9,4,5,11,32,6.25,62,42,28,6,0,5,2,1,1,0,0,1,8,6,2,8,5,14,11,56
2015,Seth Jones,NSH,D,82,179.5,2,9,3,6,11,27,7.41,55,41,13,2,1,6,2,1,1,0,0,0,8,1,1,5,1,0,0,-
2015,Shane Doan,ARI,R,79,208.0833333,5,5,4,1,10,39,12.82,59,54,46,37,0,3,6,3,3,0,0,0,7,2,21,14,0,1,3,25
2015,Mike Fisher,NSH,C,59,160.6333333,7,3,2,1,10,19,36.84,27,26,20,11,0,4,7,2,1,1,0,2,5,0,4,4,1,103,85,54.79
2015,Milan Michalek,OTT,L,66,132.45,5,5,2,3,10,22,22.73,33,31,31,16,1,2,8,4,4,0,0,0,2,0,1,1,0,3,1,75
2015,Clarke MacArthur,OTT,L,62,184.15,6,4,2,2,10,38,15.79,69,57,43,25,1,3,10,5,5,0,0,4,5,2,3,11,1,0,2,0
2015,Matt Niskanen,WSH,D,82,87.28333333,2,8,4,4,10,22,9.09,34,30,6,0,0,3,5,1,0,1,0,0,3,3,1,0,1,0,0,-
2015,Jiri Tlusty,"CAR, WPG",L,72,136.1333333,6,4,1,3,10,21,28.57,31,28,27,18,0,2,2,1,1,0,0,4,2,3,6,7,0,1,0,100
2015,Chris Stewart,"BUF, MIN",R,81,156.95,5,5,3,2,10,28,17.86,47,42,38,27,1,3,21,6,3,3,0,3,6,1,3,2,1,0,8,0
2015,Derek Stepan,NYR,C,68,181.3833333,3,7,3,4,10,22,13.64,51,33,27,6,0,1,2,1,1,0,0,0,5,5,1,9,0,74,76,49.33
2015,Cam Atkinson,CBJ,R,78,179.6666667,7,3,1,2,10,42,16.67,66,53,59,30,0,4,2,1,1,0,0,1,4,1,1,4,0,1,0,100
2015,Tommy Wingels,S.J,C,75,112.8,4,6,5,1,10,23,17.39,31,30,25,12,0,3,6,3,3,0,0,2,3,2,6,7,0,17,20,45.95
2015,David Savard,CBJ,D,82,159.1333333,3,7,3,4,10,18,16.67,41,27,9,2,0,6,0,0,0,0,0,0,1,1,2,4,0,0,0,-
2015,Brandon Saad,CHI,L,82,179.2833333,2,8,4,4,10,17,11.76,38,25,21,7,0,1,0,0,0,0,0,1,2,3,1,12,1,14,13,51.85
2015,Nail Yakupov,EDM,R,81,153.5166667,5,5,1,4,10,38,13.16,69,52,32,4,1,3,6,3,3,0,0,2,5,1,4,6,0,0,0,-
2015,Patrik Elias,N.J,C,69,142.7333333,5,4,2,2,9,29,17.24,40,35,34,17,1,4,0,0,0,0,0,0,6,0,1,6,0,30,28,51.72
2015,Erik Cole,"DAL, DET",L,68,124.5666667,3,6,5,1,9,14,21.43,31,20,24,14,0,4,4,2,2,0,0,2,0,1,5,5,0,1,3,25
2015,Brian Gionta,BUF,R,69,143.3333333,3,6,1,5,9,24,12.5,36,31,19,13,0,2,2,1,1,0,0,1,1,0,0,5,1,18,16,52.94
2015,Brad Boyes,FLA,R,78,157.8833333,5,4,2,2,9,27,18.52,44,33,26,9,0,2,6,3,3,0,0,0,6,3,3,8,1,30,11,73.17
2015,Stephen Weiss,DET,C,52,110.4833333,3,6,2,4,9,12,25,21,14,17,10,0,0,4,2,2,0,0,0,6,0,3,2,0,3,1,75
2015,Jussi Jokinen,FLA,L,81,180.4,2,7,3,4,9,34,5.88,54,42,35,15,1,6,8,4,4,0,0,0,5,2,5,3,0,32,19,62.75
2015,Patrick Eaves,DAL,R,47,89.11666667,6,3,0,3,9,17,35.29,30,26,26,14,0,3,0,0,0,0,0,3,2,0,6,3,0,0,0,-
2015,Drew Stafford,"BUF, WPG",R,76,180.1333333,4,5,2,3,9,40,10,58,50,39,18,0,7,6,3,3,0,0,2,2,2,2,5,1,26,30,46.43
2015,David Perron,"EDM, PIT",L,81,213.7333333,3,6,5,1,9,39,7.69,61,48,28,9,0,5,14,7,7,0,0,3,8,1,10,10,0,1,1,50
2015,Eric Gelinas,N.J,D,61,137.5333333,3,6,6,0,9,27,11.11,57,39,13,1,0,5,2,1,1,0,0,0,7,0,2,10,0,0,0,-
2015,Craig Smith,NSH,R,82,202.25,6,3,1,2,9,44,13.64,72,60,52,26,2,4,6,3,3,0,0,1,10,2,1,5,0,4,8,33.33
2015,Cam Fowler,ANA,D,80,191.4666667,1,8,2,6,9,25,4,60,35,21,1,0,3,0,0,0,0,0,0,6,2,0,4,3,0,0,-
2015,Rickard Rakell,ANA,C,71,92.38333333,2,7,4,3,9,13,15.38,26,20,16,5,1,0,0,0,0,0,0,0,4,0,3,14,0,28,26,51.85
2015,Morgan Rielly,TOR,D,81,196.6333333,1,8,4,4,9,17,5.88,35,22,16,1,0,1,2,1,1,0,0,1,4,2,2,13,3,0,0,-
2015,Rasmus Ristolainen,BUF,D,78,156.4,4,5,4,1,9,23,17.39,50,30,12,1,1,0,2,1,1,0,0,1,1,0,4,3,3,0,0,-
2015,Dan Boyle,NYR,D,65,171.8666667,3,5,2,3,8,43,6.98,85,58,25,6,0,9,2,1,1,0,0,0,10,2,0,7,1,0,0,-
2015,Ales Hemsky,DAL,R,76,150.5333333,1,7,4,3,8,11,9.09,29,17,9,7,1,1,4,2,2,0,0,0,6,5,2,12,1,0,0,-
2015,Alexandre Burrows,VAN,L,70,142.6166667,4,4,3,1,8,25,16,40,38,33,28,1,2,12,6,6,0,0,5,3,0,3,7,0,1,3,25
2015,Steve Bernier,N.J,R,67,89.96666667,4,4,2,2,8,17,23.53,19,19,19,16,0,0,7,2,1,1,0,0,1,0,5,4,2,1,0,100
2015,Lauri Korpikoski,ARI,L,69,65.33333333,5,3,3,0,8,11,45.45,20,19,17,13,0,2,0,0,0,0,0,0,2,0,1,5,0,0,1,0
2015,Carl Soderberg,BOS,C,82,164.5166667,5,3,3,0,8,34,14.71,48,45,32,20,1,4,2,1,1,0,0,0,2,0,1,7,0,24,22,52.17
2015,Alex Goligoski,DAL,D,81,170.1833333,0,8,5,3,8,14,0,37,21,15,2,0,0,2,1,1,0,0,0,10,3,1,3,1,0,0,-
2015,David Krejci,BOS,C,47,104.05,1,7,4,3,8,13,7.69,39,20,13,1,1,2,4,2,2,0,0,2,3,3,1,5,0,21,9,70
2015,Nathan Gerbe,CAR,C,78,118.4833333,2,6,2,4,8,17,11.76,24,23,18,13,1,3,8,4,4,0,0,3,4,0,3,4,0,1,0,100
2015,Milan Lucic,BOS,L,81,148.0666667,2,6,3,3,8,11,18.18,26,20,16,12,1,1,9,3,2,1,0,0,4,0,15,13,0,20,27,42.55
2015,Yannick Weber,VAN,D,65,94.4,5,3,2,1,8,19,26.32,48,27,8,1,0,4,0,0,0,0,0,0,2,0,0,2,2,0,0,-
2015,Jake Gardiner,TOR,D,79,196.85,0,8,1,7,8,19,0,44,26,11,1,0,0,0,0,0,0,0,0,7,2,2,4,2,0,0,-
2015,Michael Del Zotto,PHI,D,64,111.1333333,1,7,2,5,8,14,7.14,34,19,9,2,0,3,4,2,2,0,0,0,1,1,2,7,0,0,0,-
2015,TJ Brodie,CGY,D,81,177.6,3,5,2,3,8,23,13.04,61,30,17,3,1,3,6,3,3,0,0,0,6,4,1,3,1,0,0,-
2015,Chris Kreider,NYR,L,80,150.8333333,7,1,0,1,8,23,30.43,31,30,26,18,1,2,11,4,3,1,0,2,5,0,9,7,0,1,4,20
2015,Nino Niederreiter,MIN,R,80,125.3166667,6,2,1,1,8,21,28.57,36,30,29,21,0,3,4,2,2,0,0,0,1,3,11,8,0,0,1,0
2015,Brendan Gallagher,MTL,R,82,200.3333333,3,5,1,4,8,42,7.14,68,55,56,35,0,10,8,4,4,0,0,1,2,4,1,17,0,10,10,50
2015,Ryan Strome,NYI,"C, R",81,172.7666667,1,7,5,2,8,25,4,42,29,32,13,0,2,10,5,5,0,0,0,7,0,0,6,0,23,14,62.16
2015,Brad Richards,CHI,C,76,154.4,2,5,5,0,7,33,6.06,64,40,25,6,0,6,4,2,2,0,0,1,4,2,1,1,0,19,30,38.78
2015,John-Michael Liles,CAR,D,57,109.7333333,0,7,5,2,7,16,0,33,22,13,1,1,1,0,0,0,0,0,0,5,2,4,6,1,0,0,-
2015,Derek Roy,"EDM, NSH",C,72,117.6833333,4,3,2,1,7,16,25,31,21,21,10,0,0,2,1,1,0,0,3,7,2,0,2,2,44,59,42.72
2015,Corey Perry,ANA,R,67,186.3833333,4,3,2,1,7,38,10.53,62,53,50,33,1,3,25,11,10,1,0,0,10,3,4,17,0,0,3,0
2015,Toby Enstrom,WPG,D,60,184.85,1,6,5,1,7,14,7.14,40,25,15,4,0,5,6,3,3,0,0,0,2,0,0,2,2,0,0,-
2015,Travis Zajac,N.J,C,74,148.4666667,4,3,1,2,7,26,15.38,45,35,27,9,0,4,4,2,2,0,0,1,8,1,4,3,0,64,48,57.14
2015,Brandon Dubinsky,CBJ,C,47,92.85,0,7,3,4,7,11,0,28,21,13,6,0,3,15,3,0,3,0,1,3,0,2,3,0,47,41,53.41
2015,Benoit Pouliot,EDM,L,58,118.2833333,4,3,3,0,7,19,21.05,24,23,21,14,0,5,0,0,0,0,0,0,4,2,0,5,1,0,1,0
2015,Jakub Kindl,DET,D,35,66.88333333,2,5,2,3,7,14,14.29,29,15,6,0,0,1,0,0,0,0,0,0,3,0,1,1,1,0,0,-
2015,Darren Helm,DET,C,75,108.0166667,3,4,1,3,7,15,20,17,16,15,11,0,1,2,1,1,0,0,0,3,0,3,7,0,10,7,58.82
2015,Jordan Staal,CAR,C,46,92.13333333,1,6,3,3,7,18,5.56,30,26,27,22,0,2,2,1,1,0,0,1,4,0,1,6,0,48,35,57.83
2015,Michael Frolik,WPG,R,82,134.5333333,3,4,0,4,7,18,16.67,31,22,22,12,0,3,4,2,2,0,0,0,1,2,2,7,0,1,7,12.5
2015,Patrick Maroon,ANA,L,71,154.2333333,1,6,4,2,7,17,5.88,36,28,28,21,0,6,33,9,4,5,0,1,2,2,3,9,0,3,3,50
2015,Colin Wilson,NSH,"C, L",77,190.5166667,3,4,3,1,7,28,10.71,45,39,37,26,0,4,2,1,1,0,0,1,4,3,3,12,0,4,12,25
2015,Travis Hamonic,NYI,D,71,85.25,1,6,3,3,7,21,4.76,42,27,14,3,0,3,2,1,1,0,0,1,8,2,0,2,0,0,0,-
2015,Jori Lehtera,STL,C,75,173.35,2,5,2,3,7,23,8.7,30,28,23,17,0,3,6,3,3,0,0,0,1,1,1,12,0,82,69,54.3
2015,Anton Lander,EDM,C,38,78.66666667,4,3,1,2,7,15,26.67,19,18,16,11,1,2,2,1,1,0,0,1,3,0,0,3,1,17,21,44.74
2015,Matt Duchene,COL,C,82,191.15,2,5,2,3,7,35,5.71,49,44,24,10,0,4,0,0,0,0,0,3,7,1,0,10,3,54,52,50.94
2015,Nazem Kadri,TOR,C,73,180.0333333,3,4,2,2,7,31,9.68,57,45,22,16,0,3,2,1,1,0,0,3,6,2,3,26,2,43,65,39.81
2015,Brandon Pirri,FLA,R,49,84.95,7,0,0,0,7,32,21.88,55,44,24,4,0,4,2,1,1,0,0,1,2,1,2,4,0,3,7,30
2015,Jeff Skinner,CAR,L,77,163.2166667,4,3,2,1,7,34,11.76,74,46,32,13,2,8,4,2,2,0,0,0,8,3,1,8,0,9,9,50
2015,Mikael Granlund,MIN,"C, R",68,148.2166667,0,7,5,2,7,18,0,31,22,18,7,0,4,0,0,0,0,0,0,4,0,0,10,0,38,40,48.72
2015,Damon Severson,N.J,D,51,108.1166667,0,7,2,5,7,19,0,33,23,9,1,0,0,2,1,1,0,0,0,2,1,1,0,0,0,0,-
2015,Nathan MacKinnon,COL,C,64,158.2833333,3,4,2,2,7,22,13.64,44,33,21,5,0,3,9,3,2,1,0,0,10,1,3,10,0,32,26,55.17
2015,Aleksander Barkov,FLA,C,71,160.1666667,3,4,1,3,7,21,14.29,30,26,23,9,0,1,6,3,3,0,0,1,4,3,4,17,0,52,64,44.83
2015,Martin Havlat,N.J,R,40,64.81666667,3,3,2,1,6,7,42.86,12,11,7,5,0,2,0,0,0,0,0,0,0,2,0,4,0,0,0,-
2015,Martin Erat,ARI,R,79,131.35,3,3,1,2,6,12,25,28,21,17,10,0,1,10,5,5,0,0,0,3,1,5,13,1,0,0,-
2015,Dustin Brown,L.A,R,82,124.0166667,1,5,2,3,6,18,5.56,29,25,19,16,0,1,6,3,3,0,0,4,7,0,7,11,0,8,6,57.14
2015,Andrej Sekera,"CAR, L.A",D,73,134.2166667,1,5,2,3,6,17,5.88,46,25,15,3,0,3,0,0,0,0,0,0,7,1,2,7,2,0,0,-
2015,Erik Johnson,COL,D,47,126.85,3,3,2,1,6,27,11.11,56,34,13,0,0,0,0,0,0,0,0,0,3,0,3,3,0,0,0,-
2015,Riley Nash,CAR,C,68,114.4833333,1,5,4,1,6,13,7.69,30,19,17,9,0,1,0,0,0,0,0,0,6,4,5,7,0,50,44,53.19
2015,Nick Holden,COL,D,78,146.5,2,4,2,2,6,14,14.29,28,23,9,3,0,1,0,0,0,0,0,0,1,1,6,3,2,0,0,-
2015,Tyler Myers,"BUF, WPG",D,71,207.55,2,4,2,2,6,39,5.13,65,46,23,3,1,5,4,2,2,0,0,0,2,5,2,8,5,0,0,-
2015,Jared Spurgeon,MIN,D,66,134.6666667,3,3,2,1,6,21,14.29,39,32,22,9,0,2,0,0,0,0,0,0,2,0,1,6,3,0,0,-
2015,Zach Redmond,COL,D,59,89.56666667,1,5,5,0,6,12,8.33,26,16,12,1,0,1,0,0,0,0,0,1,1,0,4,1,2,0,0,-
2015,Alex Chiasson,OTT,R,76,145.4666667,3,3,3,0,6,24,12.5,34,33,32,25,0,6,23,6,4,1,1,1,3,0,4,11,0,0,1,0
2015,Evander Kane,WPG,L,37,81.85,4,2,1,1,6,21,19.05,41,28,20,10,2,5,2,1,1,0,0,0,2,1,3,6,0,5,3,62.5
2015,Ryan Ellis,NSH,D,58,127.7666667,2,4,3,1,6,36,5.56,60,46,2,0,0,4,10,1,0,0,1,0,4,0,0,6,2,0,0,-
2015,Dmitry Kulikov,FLA,D,73,108.5,1,5,2,3,6,15,6.67,36,23,10,1,0,3,7,2,1,1,0,0,2,1,0,4,4,0,0,-
2015,Linden Vey,VAN,R,75,139.0666667,4,2,1,1,6,15,26.67,26,21,22,8,0,0,4,2,2,0,0,1,3,1,1,3,0,20,24,45.45
2015,Anders Lee,NYI,L,76,166.8833333,5,1,1,0,6,32,15.63,48,44,41,33,0,8,2,1,1,0,0,0,6,1,7,15,0,0,0,-
2015,Mats Zuccarello,NYR,R,78,153.9666667,0,6,4,2,6,20,0,50,33,25,3,1,3,11,4,3,1,0,3,2,5,2,2,3,5,9,35.71
2015,Taylor Hall,EDM,L,53,132.9166667,3,3,3,0,6,41,7.32,79,52,29,7,2,9,4,2,2,0,0,1,7,5,6,4,1,0,3,0
2015,Andrew Shaw,CHI,C,79,214.3833333,5,1,0,1,6,19,26.32,28,28,26,26,0,2,12,6,6,0,0,3,2,2,4,17,0,10,12,45.45
2015,Sean Couturier,PHI,C,82,128.7,1,5,2,3,6,15,6.67,31,20,11,5,0,5,7,2,1,1,0,3,1,1,2,4,0,47,41,53.41
2015,Hampus Lindholm,ANA,D,78,124.5166667,0,6,5,1,6,18,0,37,24,11,1,1,1,2,1,1,0,0,0,7,2,0,1,1,0,0,-
2015,Tomas Hertl,S.J,C,82,122.2166667,3,3,0,3,6,16,18.75,32,22,23,13,0,6,2,1,1,0,0,0,9,0,1,5,1,15,10,60
2015,Jacob Trouba,WPG,D,65,125.3833333,1,5,3,2,6,23,4.35,58,35,14,4,1,4,4,2,2,0,0,0,4,4,4,4,2,0,0,-
2015,Danny DeKeyser,DET,D,80,103.3333333,0,6,4,2,6,10,0,37,19,7,0,0,1,4,2,2,0,0,0,1,0,4,2,1,0,0,-
2015,Jonathan Drouin,T.B,L,70,135.15,3,3,1,2,6,8,37.5,14,10,11,4,1,1,2,1,1,0,0,0,8,3,1,3,0,2,1,66.67
2015,Zdeno Chara,BOS,D,63,131.9,4,1,0,1,5,29,13.79,47,35,26,20,1,2,6,3,3,0,0,0,5,0,1,2,2,0,0,-
2015,Shawn Horcoff,DAL,C,76,124.3333333,4,1,0,1,5,11,36.36,24,21,18,12,0,1,5,1,0,1,0,0,1,1,1,7,2,32,26,55.17
2015,Lubomir Visnovsky,NYI,D,53,141.0666667,2,3,3,0,5,16,12.5,38,24,15,3,0,1,0,0,0,0,0,0,7,6,2,1,1,0,1,0
2015,Joakim Lindstrom,"STL, TOR",C,53,46.18333333,2,3,1,2,5,13,15.38,21,18,10,4,0,1,0,0,0,0,0,2,0,1,0,2,0,0,0,-
2015,Chris Higgins,VAN,L,77,131.3666667,3,2,2,0,5,32,9.38,48,44,32,18,0,3,0,0,0,0,0,1,3,0,2,5,1,0,1,0
2015,Dave Bolland,FLA,C,53,70.56666667,0,5,2,3,5,5,0,16,10,5,4,0,1,2,1,1,0,0,1,1,0,2,2,0,40,26,60.61
2015,Kris Versteeg,CHI,R,61,107.8166667,2,3,1,2,5,18,11.11,22,20,18,13,0,5,6,3,3,0,0,1,3,1,0,7,1,1,5,16.67
2015,Steve Downie,PIT,R,72,102.7,3,2,2,0,5,8,37.5,11,11,11,8,0,1,48,14,9,4,1,4,4,1,5,7,0,1,0,100
2015,Andrew MacDonald,PHI,D,58,81.43333333,1,4,2,2,5,15,6.67,28,18,6,1,0,1,2,1,1,0,0,0,1,1,1,2,2,0,0,-
2015,Nick Bonino,VAN,C,75,140.0833333,1,4,1,3,5,24,4.17,38,27,21,7,0,1,2,1,1,0,0,0,3,1,1,5,0,49,54,47.57
2015,Brandon Sutter,PIT,C,80,121.3333333,3,2,1,1,5,19,15.79,26,22,18,11,0,1,0,0,0,0,0,2,5,0,3,9,0,57,44,56.44
2015,Jason Demers,"DAL, S.J",D,81,131.8833333,2,3,0,3,5,19,10.53,38,25,12,1,0,2,5,1,0,1,0,0,0,1,2,2,1,0,0,-
2015,Joe Colborne,CGY,C,64,92.8,1,4,1,3,5,9,11.11,21,16,19,12,1,0,4,2,2,0,0,1,4,1,7,5,0,21,17,55.26
2015,Patrick Wiercioch,OTT,D,56,134.55,1,4,2,2,5,21,4.76,53,28,8,0,0,1,6,3,3,0,0,1,5,0,5,7,5,0,0,-
2015,Marco Scandella,MIN,D,64,37.08333333,1,4,0,4,5,5,20,16,10,3,1,0,1,9,3,2,1,0,0,1,0,0,0,0,0,0,-
2015,Michael Stone,ARI,D,81,89.03333333,0,5,5,0,5,27,0,55,39,14,0,1,5,4,2,2,0,0,1,2,0,3,2,1,0,0,-
2015,Tim Erixon,"CBJ, CHI, TOR",D,42,84.53333333,1,4,1,3,5,8,12.5,18,8,4,1,0,2,0,0,0,0,0,0,1,0,4,2,1,0,0,-
2015,Brayden McNabb,L.A,D,71,76.5,0,5,2,3,5,10,0,27,18,10,1,0,2,5,1,0,1,0,1,2,0,5,4,3,0,0,-
2015,Andrej Nestrasil,"CAR, DET",C,54,72.75,2,3,1,2,5,10,20,18,16,15,5,0,1,0,0,0,0,0,1,1,1,1,6,0,2,0,100
2015,Tyler Toffoli,L.A,C,76,109.5833333,3,2,1,1,5,20,15,35,29,23,11,0,1,4,2,2,0,0,0,5,1,0,6,0,0,3,0
2015,Ryan Spooner,BOS,C,29,79.95,3,2,1,1,5,22,13.64,38,27,17,1,0,1,2,1,1,0,0,0,5,0,3,1,0,4,2,66.67
2015,Kevin Hayes,NYR,C,79,48.18333333,1,4,2,2,5,7,14.29,12,10,11,2,0,2,2,1,1,0,0,0,3,0,0,1,0,9,17,34.62
2015,Matt Read,PHI,R,80,128.9166667,2,3,2,1,5,14,14.29,25,22,22,12,0,0,0,0,0,0,0,0,3,3,4,6,0,1,0,100
2015,Boone Jenner,CBJ,C,31,68.25,2,3,2,1,5,13,15.38,21,18,17,13,0,4,0,0,0,0,0,1,0,0,0,3,0,20,21,48.78
2015,Ryan Murphy,CAR,D,37,77.48333333,3,2,2,0,5,12,25,25,18,0,0,0,1,0,0,0,0,0,0,5,3,0,3,0,0,0,-
2015,Matt Dumba,MIN,D,58,93.18333333,1,4,1,3,5,25,4,44,35,8,3,0,3,11,4,3,1,0,1,2,0,1,7,0,0,0,-
2015,Nikita Zadorov,BUF,D,60,84.13333333,2,3,1,2,5,8,25,23,16,5,1,0,0,9,3,2,1,0,1,5,0,6,3,1,0,0,-
2015,Josh Jooris,CGY,R,60,40.61666667,4,1,1,0,5,9,44.44,15,12,10,7,0,1,2,1,1,0,0,0,1,0,0,1,0,15,13,53.57
2015,Sergei Gonchar,"DAL, MTL",D,48,97.56666667,0,4,2,2,4,17,0,32,25,4,0,0,2,0,0,0,0,0,0,2,1,2,3,8,0,0,-
2015,Matt Cullen,NSH,C,62,31.23333333,0,4,1,3,4,3,0,8,6,4,0,0,0,0,0,0,0,0,1,1,1,0,1,0,5,5,50
2015,Vincent Lecavalier,PHI,C,57,110,1,3,3,0,4,24,4.17,50,40,30,10,0,3,11,4,3,1,0,1,4,1,1,2,0,13,17,43.33
2015,Jarret Stoll,L.A,C,73,75.95,3,1,1,0,4,8,37.5,14,12,9,7,0,0,8,4,4,0,0,0,0,1,6,3,1,33,29,53.23
2015,PA Parenteau,MTL,R,56,124.65,3,1,1,0,4,12,25,27,19,19,11,1,2,4,2,2,0,0,1,0,2,0,7,1,2,4,33.33
2015,Alexander Semin,CAR,R,57,85.6,0,4,1,3,4,10,0,23,14,15,3,1,8,4,2,2,0,0,1,3,0,2,7,0,1,0,100
2015,Jay Bouwmeester,STL,D,72,88.85,0,4,3,1,4,13,0,27,22,8,1,0,2,0,0,0,0,0,0,1,0,1,5,0,0,0,-
2015,John Mitchell,COL,C,68,67.05,3,1,0,1,4,13,23.08,16,14,12,4,1,0,4,2,2,0,0,0,0,0,1,3,0,8,9,47.06
2015,Martin Hanzal,ARI,C,37,77.58333333,1,3,2,1,4,19,5.26,27,26,23,21,0,3,9,3,2,1,0,0,1,1,2,2,0,30,21,58.82
2015,James Neal,NSH,"L, R",67,193.5333333,3,1,1,0,4,32,9.38,51,42,34,17,0,5,9,3,2,1,0,3,9,2,3,6,2,1,3,25
2015,Matt Beleskey,ANA,L,65,99.66666667,4,0,0,0,4,15,26.67,30,26,25,12,1,2,4,2,2,0,0,2,3,0,8,4,0,2,5,28.57
2015,Jeff Petry,"EDM, MTL",D,78,100.3333333,1,3,1,2,4,18,5.56,40,24,7,0,0,3,4,2,2,0,0,0,2,0,1,2,1,0,0,-
2015,Artem Anisimov,CBJ,C,52,83.11666667,0,4,4,0,4,13,0,23,19,16,8,0,1,0,0,0,0,0,1,5,0,3,6,0,12,13,48
2015,Chris Terry,CAR,L,57,68.3,3,1,0,1,4,9,33.33,17,14,12,4,0,0,2,1,1,0,0,0,2,0,1,2,0,1,1,50
2015,Colton Sceviour,DAL,C,71,74.98333333,0,4,0,4,4,12,0,21,16,14,6,1,1,5,1,0,1,0,0,1,0,1,2,0,7,9,43.75
2015,Alec Martinez,L.A,D,56,108.7666667,1,3,3,0,4,18,5.56,53,32,11,2,0,2,2,1,1,0,0,0,1,0,3,2,2,0,0,-
2015,Jakob Silfverberg,ANA,R,81,46.63333333,2,2,2,0,4,6,33.33,8,7,6,0,0,0,2,1,1,0,0,0,2,0,0,1,0,0,2,0
2015,John Moore,"ARI, NYR",D,57,73.91666667,0,4,1,3,4,14,0,28,21,9,1,0,2,5,1,0,1,0,0,3,2,1,2,1,0,0,-
2015,Cody Eakin,DAL,C,78,104.0666667,2,2,1,1,4,14,14.29,23,18,14,9,0,0,4,2,2,0,0,2,3,1,2,6,0,23,27,46
2015,Johan Larsson,BUF,C,39,49.76666667,1,3,1,2,4,9,11.11,16,14,12,8,0,3,0,0,0,0,0,0,1,0,1,3,0,17,25,40.48
2015,Jon Merrill,N.J,D,66,65.81666667,2,2,1,1,4,5,40,10,7,3,0,0,0,0,0,0,0,0,0,2,1,0,5,1,0,0,-
2015,Erik Gudbranson,FLA,D,76,66.85,0,4,1,3,4,13,0,28,23,6,0,0,2,14,4,2,2,0,2,0,0,2,3,0,0,0,-
2015,Mark Arcobello,"ARI, EDM, NSH, PIT",R,77,66.95,1,3,2,1,4,13,7.69,25,19,15,5,0,2,6,3,3,0,0,1,5,0,1,4,0,35,19,64.81
2015,Matt Nieto,S.J,L,72,70.1,1,3,1,2,4,11,9.09,15,13,9,6,1,2,0,0,0,0,0,1,2,0,1,6,0,0,0,-
2015,Zemgus Girgensons,BUF,C,61,125.8333333,1,3,1,2,4,8,12.5,21,17,17,7,0,2,9,3,2,1,0,2,0,0,1,16,2,53,62,46.09
2015,Cody Ceci,OTT,D,81,82.13333333,1,3,2,1,4,18,5.56,27,19,4,0,0,4,0,0,0,0,0,0,3,0,1,0,0,0,0,-
2015,Derrick Pouliot,PIT,D,34,84.66666667,1,3,2,1,4,16,6.25,34,20,15,4,2,2,0,0,0,0,0,0,4,0,2,3,0,0,0,-
2015,Chris Tierney,S.J,C,43,33.58333333,1,3,2,1,4,4,25,7,5,4,2,0,0,0,0,0,0,0,0,2,0,0,1,0,8,8,50
2015,Damien Brunner,N.J,R,17,48,0,4,2,2,4,8,0,16,12,4,2,0,2,0,0,0,0,0,1,1,0,1,2,0,0,0,-
2015,Alexander Wennberg,CBJ,C,68,97.35,1,3,2,1,4,5,20,14,9,9,6,0,0,2,1,1,0,0,0,2,0,2,4,0,16,18,47.06
2015,Pascal Dupuis,PIT,R,16,28.66666667,2,1,1,0,3,6,33.33,10,9,9,3,0,0,0,0,0,0,0,0,1,0,1,1,1,0,0,-
2015,Francois Beauchemin,ANA,D,64,96.51666667,2,1,0,1,3,23,8.7,45,32,8,1,1,2,5,1,0,1,0,0,2,0,2,3,0,0,0,-
2015,Dan Hamhuis,VAN,D,59,102,1,2,2,0,3,10,10,24,12,9,0,1,4,7,2,1,1,0,1,3,0,4,5,1,0,0,-
2015,Vernon Fiddler,DAL,C,80,39.53333333,3,0,0,0,3,9,33.33,13,12,7,3,0,0,9,3,2,1,0,1,2,0,0,2,0,11,16,40.74
2015,Joffrey Lupul,TOR,L,55,118.5333333,2,1,1,0,3,16,12.5,31,26,25,12,0,3,2,1,1,0,0,0,2,2,9,10,0,2,0,100
2015,Mike Richards,L.A,C,53,66.93333333,1,2,1,1,3,10,10,19,16,9,3,0,1,17,3,1,1,1,1,4,0,1,6,0,16,20,44.44
2015,Bryan Bickell,CHI,L,80,58.1,1,2,1,1,3,4,25,10,7,8,5,0,1,7,2,1,1,0,3,0,1,3,1,0,0,0,-
2015,Nikita Nikitin,EDM,D,42,72.65,2,1,0,1,3,9,22.22,30,16,4,0,0,2,0,0,0,0,0,0,4,0,0,2,0,0,0,-
2015,Rene Bourque,"ANA, CBJ, MTL",R,51,45.65,2,1,0,1,3,5,40,9,7,5,5,0,0,2,1,1,0,0,0,1,0,2,3,0,0,0,-
2015,Marc-Edouard Vlasic,S.J,D,70,98.6,0,3,0,3,3,15,0,33,22,11,1,1,2,8,4,4,0,0,2,2,2,3,2,0,0,0,-
2015,Dan Girardi,NYR,D,82,121.5833333,1,2,1,1,3,28,3.57,50,37,23,5,0,2,0,0,0,0,0,0,5,0,2,7,2,0,0,-
2015,Jamie McBain,L.A,D,26,45.48333333,1,2,0,2,3,7,14.29,20,10,6,1,1,0,2,1,1,0,0,0,0,0,0,1,2,0,0,-
2015,Alex Killorn,T.B,L,71,144.8,1,2,1,1,3,14,7.14,30,23,28,13,0,3,10,5,5,0,0,3,5,1,3,12,0,1,1,50
2015,Josh Bailey,NYI,R,70,115.1166667,1,2,0,2,3,9,11.11,17,13,12,6,0,4,2,1,1,0,0,1,5,3,1,4,0,3,7,30
2015,Antoine Roussel,DAL,L,80,50.43333333,0,3,1,2,3,5,0,11,10,11,9,0,1,54,15,7,8,0,1,4,2,3,1,0,0,1,0
2015,Mike Hoffman,OTT,L,79,137.85,1,2,1,1,3,18,5.56,51,32,19,1,2,4,4,2,2,0,0,1,7,3,0,5,0,1,0,100
2015,Peter Holland,TOR,C,62,68.25,1,2,1,1,3,5,20,7,6,3,2,0,0,2,1,1,0,0,0,2,3,3,2,0,12,15,44.44
2015,Kevin Connauton,"CBJ, DAL",D,62,101.6166667,0,3,2,1,3,20,0,39,28,8,1,1,5,0,0,0,0,0,1,2,0,2,2,0,0,0,-
2015,Matt Irwin,S.J,D,53,70.88333333,1,2,2,0,3,16,6.25,36,21,6,2,1,1,2,1,1,0,0,0,1,1,0,7,2,0,0,-
2015,Charlie Coyle,MIN,C,82,105.75,1,2,1,1,3,16,6.25,23,19,17,12,0,2,13,4,3,1,0,0,2,0,2,6,0,15,28,34.88
2015,Brett Connolly,"BOS, T.B",R,55,110.9333333,2,1,0,1,3,11,18.18,23,19,16,8,0,3,8,4,4,0,0,1,2,0,5,4,0,5,6,45.45
2015,Adam Lowry,WPG,C,80,46.21666667,0,3,1,2,3,2,0,8,6,5,5,0,0,6,3,3,0,0,1,0,0,2,6,0,15,11,57.69
2015,Adam Clendening,"CHI, VAN",D,21,43.76666667,1,2,1,1,3,2,50,10,5,4,0,0,0,2,1,1,0,0,0,1,0,0,1,1,0,0,-
2015,Dmitrij Jaskin,STL,R,54,56.63333333,3,0,0,0,3,17,17.65,23,22,21,11,0,4,0,0,0,0,0,0,2,0,3,6,1,2,1,66.67
2015,J.T. Miller,NYR,L,58,52.4,2,1,1,0,3,6,33.33,10,8,6,5,0,0,17,3,1,1,1,1,3,1,0,1,0,22,25,46.81
2015,Seth Griffith,BOS,C,30,52.8,1,2,0,2,3,5,20,9,7,5,1,0,0,0,0,0,0,0,0,0,1,0,2,0,0,1,0
2015,Andre Burakovsky,WSH,L,53,61.61666667,2,1,0,1,3,5,40,10,8,5,1,0,0,2,1,1,0,0,0,1,3,0,8,0,1,1,50
2015,David Pastrnak,BOS,R,46,77.66666667,2,1,0,1,3,10,20,17,14,6,2,1,0,0,0,0,0,0,0,2,0,1,4,0,1,0,100
2015,Jiri Sekac,"ANA, MTL",L,69,45.26666667,2,1,0,1,3,3,66.67,8,7,7,0,0,0,4,2,2,0,0,0,0,0,2,5,0,0,0,-
2015,Michael Ryder,N.J,R,47,71.05,0,2,1,1,2,10,0,21,15,12,3,0,0,2,1,1,0,0,0,4,1,1,1,0,0,1,0
2015,R.J. Umberger,PHI,C,67,88.38333333,2,0,0,0,2,8,25,14,13,13,12,0,1,11,4,3,1,0,3,1,1,1,6,0,0,2,0
2015,Carlo Colaiacovo,PHI,D,33,23.06666667,0,2,1,1,2,3,0,6,4,3,1,0,1,0,0,0,0,0,0,0,2,1,1,0,0,0,-
2015,Jay Harrison,"CAR, WPG",D,55,30.46666667,1,1,0,1,2,7,14.29,12,12,6,3,1,1,9,3,2,1,0,1,0,1,2,0,0,0,0,-
2015,Christian Ehrhoff,PIT,D,49,99.75,0,2,0,2,2,18,0,46,33,11,0,1,5,0,0,0,0,0,0,2,0,3,4,0,0,0,-
2015,David Moss,ARI,R,60,23.58333333,1,1,1,0,2,7,14.29,10,10,10,8,0,3,2,1,1,0,0,0,0,0,1,3,0,0,0,-
2015,Sean Bergenheim,"FLA, MIN",L,56,23.25,0,2,1,1,2,5,0,6,6,6,3,0,1,2,1,1,0,0,0,1,2,2,1,0,0,0,-
2015,David Jones,CGY,R,67,64.23333333,2,0,0,0,2,7,28.57,13,10,10,10,0,1,0,0,0,0,0,0,0,0,2,3,0,2,3,40
2015,Mike Santorelli,"NSH, TOR",C,79,29.45,0,2,0,2,2,4,0,5,4,5,2,0,0,2,1,1,0,0,0,1,1,2,2,1,9,5,64.29
2015,Matt Hunwick,NYR,D,55,30.93333333,0,2,1,1,2,4,0,9,5,3,0,0,0,0,0,0,0,0,0,0,0,0,0,0,0,0,-
2015,Brad Marchand,BOS,L,77,76.25,2,0,0,0,2,9,22.22,15,13,10,4,0,2,13,5,4,1,0,0,3,1,2,4,0,5,6,45.45
2015,David Schlemko,"ARI, CGY, DAL",D,44,20.53333333,0,2,0,2,2,4,0,9,4,1,0,0,0,0,0,0,0,0,0,0,0,0,0,1,0,0,-
2015,Justin Braun,S.J,D,70,35.8,0,2,1,1,2,7,0,15,10,3,1,0,1,16,4,3,0,1,2,0,0,0,3,1,0,0,-
2015,Paul Postma,WPG,D,42,44.81666667,2,0,0,0,2,5,40,12,5,4,2,0,0,4,2,2,0,0,0,1,2,0,1,2,0,0,-
2015,Brendan Smith,DET,D,76,17.33333333,0,2,1,1,2,1,0,3,2,1,0,0,0,13,5,4,1,0,0,1,0,1,1,1,0,0,-
2015,Lars Eller,MTL,C,77,36,1,1,0,1,2,7,14.29,7,7,3,0,0,1,6,3,3,0,0,1,0,0,0,7,0,11,8,57.89
2015,Zach Bogosian,"BUF, WPG",D,62,98.11666667,0,2,1,1,2,21,0,43,24,9,0,1,1,2,1,1,0,0,1,0,2,2,1,3,0,0,-
2015,Michal Jordan,CAR,D,38,38.71666667,2,0,0,0,2,8,25,11,9,5,1,0,1,0,0,0,0,0,0,1,1,0,1,1,0,0,-
2015,Jordie Benn,DAL,D,73,49.81666667,0,2,2,0,2,2,0,7,3,2,0,0,0,2,1,1,0,0,0,2,0,2,0,0,0,0,-
2015,Jacob Josefson,N.J,C,62,32.46666667,0,2,0,2,2,2,0,3,2,3,1,0,0,2,1,1,0,0,1,3,0,0,5,0,11,11,50
2015,Taylor Beck,NSH,L,62,41.15,2,0,0,0,2,4,50,6,6,6,6,0,1,2,1,1,0,0,0,0,0,0,3,0,1,1,50
2015,Richard Panik,TOR,R,76,59.3,2,0,0,0,2,7,28.57,10,10,9,6,0,2,11,4,3,1,0,2,2,2,1,1,1,0,2,0
2015,Mattias Ekholm,NSH,D,80,49.75,1,1,0,1,2,5,20,19,7,5,0,0,2,8,4,4,0,0,0,0,0,0,1,0,0,0,-
2015,Christopher Tanev,VAN,D,70,36.43333333,0,2,0,2,2,2,0,8,3,3,1,0,0,0,0,0,0,0,1,0,1,0,1,0,0,0,-
2015,Teemu Pulkkinen,DET,L,31,74.21666667,1,1,0,1,2,21,4.76,42,31,14,4,0,3,0,0,0,0,0,0,1,0,1,1,0,0,0,-
2015,Taylor Fedun,S.J,D,7,12.8,0,2,1,1,2,4,0,5,5,1,0,0,0,0,0,0,0,0,0,0,0,0,0,0,0,0,-
2015,Justin Fontaine,MIN,R,71,25.76666667,0,2,1,1,2,2,0,5,5,4,3,0,0,0,0,0,0,0,0,2,0,0,4,0,1,0,100
2015,Nikita Nesterov,T.B,D,27,14.53333333,1,1,0,1,2,5,20,13,8,3,0,0,0,2,1,1,0,0,0,0,0,1,0,0,0,0,-
2015,Iiro Pakarinen,EDM,R,17,14.93333333,0,2,0,2,2,4,0,5,4,1,0,0,0,2,1,1,0,0,0,0,0,0,2,0,1,0,100
2015,Tobias Rieder,ARI,R,72,100.6666667,0,2,0,2,2,8,0,16,12,14,7,0,0,0,0,0,0,0,0,2,0,6,9,0,0,0,-
2015,Tomas Jurco,DET,L,63,71.05,1,1,1,0,2,12,8.33,20,14,12,4,0,4,2,1,1,0,0,0,1,2,1,2,0,0,0,-
2015,Markus Granlund,CGY,C,48,24.73333333,1,1,0,1,2,2,50,5,3,3,2,0,0,4,2,2,0,0,0,0,0,0,4,0,10,10,50
2015,Nathan Beaulieu,MTL,D,64,47.48333333,0,2,2,0,2,11,0,16,15,7,1,0,0,7,2,1,1,0,1,0,0,0,0,1,0,0,-
2015,Oscar Klefbom,EDM,D,60,27.51666667,0,2,1,1,2,5,0,13,8,0,0,0,0,0,0,0,0,0,0,0,0,0,1,0,0,0,-
2015,Stuart Percy,TOR,D,9,13.15,0,2,2,0,2,2,0,6,3,4,1,0,0,0,0,0,0,0,0,0,0,0,1,0,0,0,-
2015,Vladislav Namestnikov,T.B,C,43,33.28333333,1,1,1,0,2,3,33.33,6,5,5,2,0,1,5,1,0,1,0,0,0,0,2,1,0,8,10,44.44
2015,Matt Tennyson,S.J,D,27,47.51666667,1,1,0,1,2,5,20,16,10,2,1,0,0,0,0,0,0,0,0,1,0,0,4,1,0,0,-
2015,Olli Maatta,PIT,D,20,27.05,0,2,0,2,2,6,0,10,7,2,1,0,1,2,1,1,0,0,0,0,0,1,0,0,0,0,-
2015,Mikhail Grigorenko,BUF,C,25,27.03333333,1,1,0,1,2,5,20,7,6,4,1,1,0,0,0,0,0,0,0,3,0,0,1,0,16,7,69.57
2015,Michael Raffl,PHI,L,67,28.58333333,2,0,0,0,2,6,33.33,7,7,6,2,1,0,2,1,1,0,0,0,0,0,3,0,0,1,1,50
2015,Leon Draisaitl,EDM,C,37,68.01666667,1,1,0,1,2,10,10,16,14,12,4,0,1,0,0,0,0,0,0,5,0,0,4,0,16,29,35.56
2015,Chris Phillips,OTT,D,36,10.6,0,1,0,1,1,0,0,2,1,2,0,0,0,0,0,0,0,0,0,0,0,0,0,0,0,0,-
2015,Dainius Zubrus,N.J,C,74,21.18333333,0,1,1,0,1,0,0,0,0,0,0,0,0,4,2,2,0,0,0,1,0,1,0,0,1,2,33.33
2015,Brad Stuart,COL,D,65,21.18333333,0,1,0,1,1,2,0,5,3,2,1,0,0,0,0,0,0,0,0,0,0,0,0,0,0,0,-
2015,Chris Neil,OTT,R,38,5.7,1,0,0,0,1,1,100,1,1,1,1,0,0,12,3,1,2,0,1,0,0,0,1,0,0,0,-
2015,Jordan Leopold,"CBJ, MIN, STL",D,43,11.43333333,1,0,0,0,1,4,25,4,4,1,0,0,0,2,1,1,0,0,0,0,0,0,0,0,0,0,-
2015,Derek MacKenzie,FLA,C,82,14.71666667,1,0,0,0,1,3,33.33,4,3,2,2,0,1,8,4,4,0,0,2,0,0,0,4,0,7,12,36.84
2015,Ron Hainsey,CAR,D,81,23.06666667,0,1,1,0,1,3,0,3,3,2,1,0,1,0,0,0,0,0,0,0,0,1,0,0,0,0,-
2015,Nick Schultz,PHI,D,80,16.16666667,0,1,1,0,1,1,0,1,1,0,0,0,0,5,1,0,1,0,2,0,0,0,0,2,0,0,-
2015,Paul Martin,PIT,D,74,121.2333333,0,1,1,0,1,9,0,22,13,5,1,0,0,0,0,0,0,0,0,2,0,2,3,5,0,0,-
2015,Dominic Moore,NYR,C,82,3.933333333,0,1,0,1,1,0,0,1,0,1,0,0,1,0,0,0,0,0,0,0,0,0,0,0,5,1,83.33
2015,Matt Hendricks,EDM,L,71,18.36666667,0,1,1,0,1,2,0,2,2,2,1,0,0,21,6,3,3,0,2,0,0,2,1,0,1,0,100
2015,Fedor Tyutin,CBJ,D,67,21.26666667,0,1,1,0,1,3,0,4,3,2,0,0,0,2,1,1,0,0,0,1,0,2,1,2,0,0,-
2015,Jordin Tootoo,N.J,R,68,56.86666667,1,0,0,0,1,4,25,8,8,8,4,0,1,27,6,1,5,0,1,1,1,1,3,0,1,0,100
2015,Kevin Bieksa,VAN,D,60,86.68333333,0,1,0,1,1,7,0,21,13,6,1,0,1,9,3,2,1,0,0,3,1,0,3,1,0,0,-
2015,Brooks Laich,WSH,C,66,25.11666667,0,1,1,0,1,2,0,2,2,2,2,0,0,0,0,0,0,0,1,0,0,0,3,0,0,0,-
2015,Tomas Fleischmann,"ANA, FLA",L,66,75.65,0,1,1,0,1,13,0,22,17,11,4,0,2,2,1,1,0,0,0,1,1,1,6,0,1,1,50
2015,Scottie Upshall,FLA,R,63,28.56666667,0,1,1,0,1,3,0,6,4,4,2,0,0,2,1,1,0,0,0,0,0,2,1,0,3,2,60
2015,Boyd Gordon,EDM,C,68,34.56666667,1,0,0,0,1,5,20,8,8,6,5,0,0,0,0,0,0,0,0,0,0,0,2,0,35,38,47.95
2015,Andre Benoit,BUF,D,59,72.66666667,0,1,1,0,1,6,0,14,10,3,1,0,1,0,0,0,0,0,0,2,1,2,0,0,0,0,-
2015,Eric Fehr,WSH,C,75,13.48333333,1,0,0,0,1,2,50,7,6,6,3,0,0,8,4,4,0,0,1,0,0,0,0,0,12,9,57.14
2015,Matt Carle,T.B,D,59,42.03333333,1,0,0,0,1,4,25,10,6,2,1,0,1,2,1,1,0,0,0,1,0,0,0,0,0,0,-
2015,Lee Stempniak,"NYR, WPG",R,71,66.73333333,0,1,1,0,1,11,0,22,14,14,6,0,2,0,0,0,0,0,0,4,0,0,4,0,0,5,0
2015,Brad Richardson,VAN,"C, R",45,7.85,0,1,1,0,1,0,0,1,1,1,1,0,1,12,3,1,2,0,2,0,0,0,0,0,2,3,40
2015,Drew Miller,DET,L,82,8.75,0,1,1,0,1,0,0,0,0,0,0,0,0,7,2,1,1,0,1,0,0,2,0,1,0,0,-
2015,David Clarkson,"CBJ, TOR",R,61,117.15,1,0,0,0,1,18,5.56,32,27,22,17,0,2,17,7,6,1,0,2,3,0,8,14,0,2,5,28.57
2015,Kyle Chipchura,ARI,C,70,9.85,1,0,0,0,1,1,100,1,1,1,0,0,0,21,6,3,3,0,0,0,0,0,3,0,3,3,50
2015,Andrej Meszaros,BUF,D,60,90.3,1,0,0,0,1,18,5.56,34,27,4,2,1,1,2,1,1,0,0,0,2,0,1,2,2,0,0,-
2015,Blake Comeau,PIT,L,61,58.23333333,0,1,1,0,1,11,0,21,14,9,3,0,2,6,3,3,0,0,0,0,0,5,4,1,3,0,100
2015,Mikhail Grabovski,NYI,C,51,73.08333333,0,1,0,1,1,7,0,10,9,10,7,0,1,0,0,0,0,0,0,2,2,0,7,0,10,5,66.67
2015,Mason Raymond,CGY,L,57,117.1833333,0,1,0,1,1,18,0,31,23,18,9,0,5,0,0,0,0,0,1,5,0,0,5,0,0,1,0
2015,Andy Greene,N.J,D,82,44.36666667,0,1,1,0,1,2,0,8,6,7,1,0,2,0,0,0,0,0,0,2,0,0,0,0,0,0,-
2015,Ryan Hamilton,EDM,L,16,16.88333333,1,0,0,0,1,1,100,1,1,1,1,0,0,2,1,1,0,0,0,0,0,2,1,0,0,1,0
2015,Leo Komarov,TOR,C,62,7.6,0,1,1,0,1,1,0,1,1,1,0,0,0,0,0,0,0,0,0,0,0,0,1,0,0,2,0
2015,Jamie McGinn,COL,L,19,38.36666667,1,0,0,0,1,8,12.5,11,11,9,7,0,0,2,1,1,0,0,0,0,1,2,1,0,0,0,-
2015,Cal Clutterbuck,NYI,R,76,12.65,0,1,1,0,1,2,0,3,2,2,0,0,0,10,5,5,0,0,0,0,0,0,0,0,1,0,100
2015,Patrik Berglund,STL,C,77,60.23333333,0,1,1,0,1,2,0,8,6,2,1,0,0,0,0,0,0,0,0,1,0,1,0,0,7,6,53.85
2015,James Sheppard,"NYR, S.J",C,71,46.86666667,0,1,1,0,1,2,0,4,4,3,3,0,1,7,2,1,1,0,0,1,1,2,4,1,15,19,44.12
2015,Shawn Matthias,VAN,L,78,6.35,1,0,0,0,1,1,100,2,1,1,1,0,0,2,1,1,0,0,2,0,0,0,1,0,2,0,100
2015,Mark Letestu,CBJ,C,54,26.28333333,0,1,1,0,1,1,0,4,2,1,0,0,0,0,0,0,0,0,0,0,0,1,0,0,5,8,38.46
2015,Steven Kampfer,FLA,D,25,10.7,0,1,1,0,1,2,0,3,2,0,0,0,0,0,0,0,0,0,0,0,0,0,1,0,0,0,-
2015,Ian Cole,"PIT, STL",D,74,38.91666667,0,1,0,1,1,6,0,14,10,4,0,0,0,2,1,1,0,0,1,0,0,0,4,2,0,0,-
2015,Paul Byron,CGY,L,57,28.33333333,1,0,0,0,1,5,20,11,9,8,5,0,1,2,1,1,0,0,0,2,1,0,3,0,1,3,25
2015,Nick Spaling,PIT,C,82,21.56666667,1,0,0,0,1,1,100,3,3,3,2,0,0,0,0,0,0,0,0,0,0,1,2,0,2,2,50
2015,Dwight King,L.A,L,81,37.1,0,1,1,0,1,1,0,1,1,1,0,0,0,2,1,1,0,0,0,1,0,0,1,1,0,0,-
2015,TJ Brennan,TOR,D,6,21.61666667,0,1,0,1,1,5,0,9,6,3,0,0,1,2,1,1,0,0,0,1,0,0,0,0,0,0,-
2015,Carl Gunnarsson,STL,D,61,17.83333333,0,1,0,1,1,7,0,8,7,2,1,0,2,0,0,0,0,0,0,0,1,1,0,0,0,0,-
2015,Mikael Backlund,CGY,C,52,87.76666667,0,1,0,1,1,10,0,17,15,16,6,0,3,2,1,1,0,0,2,7,1,1,8,0,33,44,42.86
2015,Carl Hagelin,NYR,L,82,7.233333333,1,0,0,0,1,1,100,2,2,1,1,0,0,4,2,2,0,0,0,0,0,0,0,0,0,0,-
2015,Chris Mueller,NYR,C,7,13.15,1,0,0,0,1,4,25,8,7,7,3,0,0,0,0,0,0,0,0,2,0,0,1,0,12,1,92.31
2015,Cody Hodgson,BUF,C,78,104.2666667,0,1,0,1,1,19,0,36,23,23,6,0,2,4,2,2,0,0,0,1,0,1,6,0,32,26,55.17
2015,Slava Voynov,L.A,D,6,16.3,0,1,0,1,1,2,0,3,2,0,0,0,1,0,0,0,0,0,0,1,0,0,1,0,0,0,-
2015,Lance Bouma,CGY,"C, L",78,4.483333333,0,1,1,0,1,0,0,0,0,0,0,0,0,10,2,0,2,0,0,0,0,0,0,0,0,1,0
2015,Justin Hodgman,ARI,C,5,3.666666667,1,0,0,0,1,1,100,2,2,2,2,0,0,0,0,0,0,0,0,1,0,0,1,0,2,0,100
2015,Dylan Olsen,FLA,D,44,25.55,0,1,0,1,1,3,0,11,4,2,0,0,1,0,0,0,0,0,0,0,0,1,0,0,0,0,-
2015,Simon Despres,"ANA, PIT",D,75,31.43333333,0,1,0,1,1,4,0,10,6,1,0,0,0,14,4,2,2,0,3,0,0,0,2,1,0,0,-
2015,Magnus Paajarvi,STL,L,10,3.216666667,0,1,0,1,1,0,0,2,2,1,0,0,0,0,0,0,0,0,0,0,0,0,0,0,0,0,-
2015,Zack Kassian,VAN,R,42,27.05,1,0,0,0,1,5,20,9,8,4,2,0,1,12,6,6,0,0,1,1,1,0,1,0,0,1,0
2015,David Rundblad,CHI,D,49,26.65,0,1,1,0,1,2,0,3,2,0,0,0,0,0,0,0,0,0,0,0,0,0,1,0,0,0,-
2015,Marcus Foligno,BUF,L,57,52.06666667,0,1,0,1,1,4,0,9,8,8,7,0,0,12,3,1,2,0,0,1,0,2,4,0,6,3,66.67
2015,Casey Cizikas,NYI,C,70,9.95,0,1,0,1,1,2,0,4,2,4,2,0,0,2,1,1,0,0,0,0,0,0,1,0,12,9,57.14
2015,Erik Haula,MIN,"C, L",72,6.9,1,0,0,0,1,1,100,1,1,1,0,0,0,2,1,1,0,0,0,0,0,0,0,0,2,3,40
2015,Matt Fraser,"BOS, EDM",R,60,27.26666667,1,0,0,0,1,8,12.5,14,9,9,2,0,0,2,1,1,0,0,0,0,0,2,4,0,1,0,100
2015,Jason Zucker,MIN,L,51,43.56666667,1,0,0,0,1,4,25,5,5,1,1,0,0,2,1,1,0,0,0,3,0,1,3,0,0,0,-
2015,Devante Smith-Pelly,"ANA, MTL",R,74,66.91666667,0,1,0,1,1,6,0,10,9,8,5,1,0,6,3,3,0,0,1,2,0,3,4,0,0,6,0
2015,Brandon Gormley,ARI,D,27,14.7,1,0,0,0,1,2,50,4,2,1,0,0,1,0,0,0,0,0,0,1,0,1,2,1,0,0,-
2015,Jesper Fast,NYR,R,58,2.2,0,1,1,0,1,1,0,1,1,1,0,0,0,2,1,1,0,0,0,0,0,0,0,0,0,0,-
2015,Micheal Ferland,CGY,L,26,9.083333333,0,1,1,0,1,1,0,3,2,3,1,0,0,0,0,0,0,0,0,0,1,0,0,0,0,0,-
2015,Brian Gibbons,CBJ,C,25,16.45,0,1,0,1,1,1,0,2,2,0,0,0,0,0,0,0,0,0,0,1,0,0,0,0,0,0,-
2015,Raphael Diaz,CGY,D,56,54.78333333,1,0,0,0,1,12,8.33,31,21,6,0,0,4,2,1,1,0,0,0,1,0,1,1,0,0,0,-
2015,Vincent Trocheck,FLA,C,50,44.98333333,1,0,0,0,1,10,10,16,15,12,7,0,0,4,2,2,0,0,2,0,0,0,6,0,16,13,55.17
2015,Nick Shore,L.A,C,34,10.46666667,0,1,0,1,1,0,0,1,1,1,1,0,0,0,0,0,0,0,0,0,0,1,2,0,5,5,50
2015,William Karlsson,"ANA, CBJ",C,21,38.31666667,0,1,1,0,1,6,0,10,9,6,2,0,0,0,0,0,0,0,0,2,0,0,6,0,12,20,37.5
2015,Jonas Brodin,MIN,D,71,69.3,0,1,0,1,1,12,0,19,13,3,0,0,1,0,0,0,0,0,1,2,2,0,2,1,0,0,-
2015,Brad Hunt,EDM,D,11,27.73333333,1,0,0,0,1,6,16.67,16,12,2,0,0,1,0,0,0,0,0,0,1,1,0,0,0,0,0,-
2015,Brian Flynn,"BUF, MTL",C,63,50.05,0,1,1,0,1,5,0,10,6,8,4,0,2,0,0,0,0,0,1,1,0,0,3,1,15,15,50
2015,Luke Glendening,DET,C,82,11.61666667,1,0,0,0,1,4,25,5,5,4,2,0,0,0,0,0,0,0,1,1,0,0,1,1,10,7,58.82
2015,Ryan Murray,CBJ,D,12,9.216666667,1,0,0,0,1,1,100,4,2,0,0,0,0,0,0,0,0,0,0,0,0,0,0,0,0,0,-
2015,Tanner Pearson,L.A,L,42,63.35,1,0,0,0,1,7,14.29,14,13,10,6,0,1,0,0,0,0,0,0,0,1,1,5,0,0,0,-
2015,Scott Laughton,PHI,C,31,10.81666667,0,1,1,0,1,1,0,2,1,1,0,0,0,0,0,0,0,0,0,1,0,0,0,0,0,3,0
2015,Teuvo Teravainen,CHI,L,34,26.05,0,1,0,1,1,3,0,4,4,1,0,0,0,0,0,0,0,0,0,0,0,0,0,0,0,2,0
2015,Andrej Sustr,T.B,D,72,8.233333333,0,1,0,1,1,0,0,0,0,0,0,0,0,2,1,1,0,0,1,0,0,0,0,1,0,0,-
2015,Anthony Duclair,NYR,L,18,25.4,0,1,0,1,1,2,0,5,5,5,4,0,0,2,1,1,0,0,0,0,0,0,1,0,0,0,-
2015,Christian Folin,MIN,D,40,6.066666667,0,1,0,1,1,0,0,1,0,0,0,0,0,0,0,0,0,0,0,0,0,0,4,0,0,0,-
2015,Melker Karlsson,S.J,C,53,54.5,1,0,0,0,1,1,100,3,2,2,1,0,0,2,1,1,0,0,0,1,0,1,5,1,5,7,41.67
2015,Kimmo Timonen,CHI,D,16,7.383333333,0,0,0,0,0,2,0,2,2,0,0,0,0,0,0,0,0,0,0,0,0,0,0,0,0,0,-
2015,Bryce Salvador,N.J,D,15,0.066666667,0,0,0,0,0,0,0,0,0,0,0,0,0,5,1,0,1,0,0,0,0,0,0,0,0,0,-
2015,Eric Boulton,NYI,L,10,0.316666667,0,0,0,0,0,0,0,0,0,0,0,0,0,14,4,2,2,0,0,0,0,0,0,0,0,0,-
2015,Stephane Robidas,TOR,D,52,8.166666667,0,0,0,0,0,0,0,2,1,1,0,0,0,2,1,1,0,0,0,0,0,0,0,0,0,0,-
2015,Daniel Briere,COL,C,57,73.21666667,0,0,0,0,0,6,0,13,9,10,5,0,1,4,2,2,0,0,0,1,1,1,3,0,3,1,75
2015,Michal Rozsival,CHI,D,65,28.21666667,0,0,0,0,0,4,0,5,4,1,0,0,0,2,1,1,0,0,0,2,0,0,1,0,0,0,-
2015,Craig Adams,PIT,R,70,2.466666667,0,0,0,0,0,0,0,0,0,0,0,0,0,19,4,2,1,1,0,0,0,0,0,0,0,0,-
2015,Willie Mitchell,FLA,D,66,8.216666667,0,0,0,0,0,0,0,0,0,0,0,0,0,5,1,0,1,0,0,0,0,0,0,0,0,0,-
2015,Matt Cooke,MIN,L,29,1.933333333,0,0,0,0,0,0,0,0,0,0,0,0,0,5,1,0,1,0,0,0,0,0,0,0,0,0,-
2015,Shawn Thornton,FLA,L,46,3.183333333,0,0,0,0,0,0,0,0,0,0,0,0,0,24,6,2,4,0,1,0,0,0,0,0,0,0,-
2015,Olli Jokinen,"NSH, STL, TOR",C,62,25.6,0,0,0,0,0,2,0,6,5,2,0,0,0,0,0,0,0,0,0,0,0,0,1,0,7,7,50
2015,Eric Brewer,"ANA, T.B, TOR",D,44,5.75,0,0,0,0,0,0,0,2,1,1,0,0,0,4,2,2,0,0,0,0,0,0,0,0,0,0,-
2015,Daniel Cleary,DET,R,17,1.433333333,0,0,0,0,0,0,0,0,0,0,0,0,0,2,1,1,0,0,0,0,0,0,0,0,0,0,-
2015,Scott Hannan,S.J,D,58,3.533333333,0,0,0,0,0,0,0,0,0,0,0,0,0,2,1,1,0,0,0,1,0,0,0,0,0,0,-
2015,Brenden Morrow,T.B,L,70,8.583333333,0,0,0,0,0,0,0,2,2,1,1,0,1,34,7,2,4,1,0,0,0,2,0,1,0,0,-
2015,Jason Chimera,WSH,L,77,14.43333333,0,0,0,0,0,2,0,3,3,2,2,0,0,4,2,2,0,0,0,0,0,2,1,0,0,0,-
2015,Andrew Ference,EDM,D,70,6.383333333,0,0,0,0,0,2,0,2,2,1,0,0,0,7,2,1,1,0,1,0,0,0,0,0,0,0,-
2015,Manny Malhotra,MTL,C,58,2.466666667,0,0,0,0,0,1,0,1,1,0,0,0,0,0,0,0,0,0,0,0,0,0,0,0,2,3,40
2015,Robyn Regehr,L.A,D,67,8.516666667,0,0,0,0,0,0,0,0,0,0,0,0,0,0,0,0,0,0,0,0,0,0,0,1,0,0,-
2015,Simon Gagne,BOS,L,23,0.866666667,0,0,0,0,0,0,0,0,0,0,0,0,0,0,0,0,0,0,0,0,0,0,0,0,0,1,0
2015,Rob Scuderi,PIT,D,82,4.3,0,0,0,0,0,1,0,1,1,0,0,0,0,2,1,1,0,0,0,0,0,0,0,0,0,0,-
2015,Barret Jackman,STL,D,80,1.133333333,0,0,0,0,0,0,0,0,0,0,0,0,0,5,1,0,1,0,1,0,0,0,0,0,0,0,-
2015,Chris Kelly,BOS,C,80,7.033333333,0,0,0,0,0,0,0,0,0,0,0,0,0,7,2,1,1,0,1,0,0,0,0,0,4,5,44.44
2015,Brian McGrattan,CGY,R,8,0.3,0,0,0,0,0,0,0,0,0,0,0,0,0,2,1,1,0,0,0,0,0,0,0,0,0,0,-
2015,Ryan Malone,NYR,L,6,13.33333333,0,0,0,0,0,1,0,2,2,2,2,0,0,2,1,1,0,0,0,2,0,4,0,0,1,0,100
2015,Mike Weaver,MTL,D,31,0.05,0,0,0,0,0,0,0,0,0,0,0,0,0,2,1,1,0,0,0,0,0,0,0,0,0,0,-
2015,Dany Heatley,ANA,L,6,5.7,0,0,0,0,0,1,0,1,1,0,0,0,0,0,0,0,0,0,0,0,0,0,1,0,0,0,-
2015,Brooks Orpik,WSH,D,78,2.916666667,0,0,0,0,0,0,0,0,0,0,0,0,0,8,4,4,0,0,1,0,0,0,0,0,0,0,-
2015,Anton Volchenkov,NSH,D,46,1.2,0,0,0,0,0,1,0,1,1,0,0,0,0,0,0,0,0,0,0,0,0,0,0,0,0,0,-
2015,Steve Ott,STL,C,78,14.9,0,0,0,0,0,2,0,3,3,3,1,0,1,15,3,0,3,0,2,0,0,1,1,0,5,2,71.43
2015,Tomas Kopecky,FLA,R,64,7.733333333,0,0,0,0,0,2,0,2,2,2,0,0,0,4,2,2,0,0,1,1,0,0,2,0,0,0,-
2015,Travis Moen,"DAL, MTL",L,44,0.133333333,0,0,0,0,0,0,0,0,0,0,0,0,0,10,2,0,2,0,0,0,0,0,0,0,0,0,-
2015,Deryk Engelland,CGY,D,76,0.666666667,0,0,0,0,0,0,0,0,0,0,0,0,0,17,4,1,3,0,2,0,0,0,0,0,0,0,-
2015,Paul Gaustad,NSH,C,73,6.583333333,0,0,0,0,0,1,0,1,1,0,0,0,0,11,4,3,1,0,1,0,0,0,0,0,7,10,41.18
2015,Tuomo Ruutu,N.J,L,77,9.333333333,0,0,0,0,0,0,0,0,0,0,0,0,0,4,2,2,0,0,1,0,0,0,2,0,0,0,-
2015,Marcel Goc,"PIT, STL",C,74,20.91666667,0,0,0,0,0,2,0,4,4,2,0,0,0,0,0,0,0,0,0,1,1,2,2,0,14,6,70
2015,Tim Gleason,"CAR, WSH",D,72,1.733333333,0,0,0,0,0,0,0,0,0,0,0,0,0,19,5,2,3,0,0,0,0,0,0,0,0,0,-
2015,Tim Jackman,ANA,R,55,2.6,0,0,0,0,0,0,0,0,0,0,0,0,0,31,7,3,3,1,2,0,0,0,0,0,0,0,-
2015,Chris Thorburn,WPG,R,81,8.5,0,0,0,0,0,0,0,0,0,0,0,0,0,33,9,4,5,0,1,0,0,0,3,0,0,0,-
2015,Jay McClement,CAR,C,82,14.36666667,0,0,0,0,0,0,0,0,0,0,0,0,0,2,1,1,0,0,0,0,0,0,3,0,18,16,52.94
2015,Stephane Veilleux,MIN,L,12,0.7,0,0,0,0,0,0,0,0,0,0,0,0,0,2,1,1,0,0,0,0,0,0,0,0,0,0,-
2015,Cody McCormick,BUF,C,33,1.5,0,0,0,0,0,0,0,0,0,0,0,0,0,2,1,1,0,0,1,0,0,0,0,0,4,2,66.67
2015,Dennis Seidenberg,BOS,D,82,17.51666667,0,0,0,0,0,2,0,2,2,0,0,0,0,2,1,1,0,0,0,0,0,0,0,1,0,0,-
2015,Ryane Clowe,N.J,L,13,35.78333333,0,0,0,0,0,2,0,4,3,4,2,0,0,0,0,0,0,0,0,1,0,0,1,0,0,0,-
2015,Johnny Oduya,CHI,D,76,7.333333333,0,0,0,0,0,1,0,1,1,0,0,0,0,2,1,1,0,0,0,0,0,0,0,0,0,0,-
2015,Zbynek Michalek,"ARI, STL",D,68,2.916666667,0,0,0,0,0,0,0,1,0,1,0,0,0,0,0,0,0,0,0,0,0,0,0,0,0,0,-
2015,Matt Ellis,BUF,L,39,1.5,0,0,0,0,0,0,0,0,0,0,0,0,0,0,0,0,0,0,0,0,0,0,0,0,0,0,-
2015,Keith Ballard,MIN,D,14,0.516666667,0,0,0,0,0,1,0,1,1,0,0,0,0,5,1,0,1,0,0,0,0,0,0,0,0,0,-
2015,Adam Burish,S.J,R,20,1.316666667,0,0,0,0,0,0,0,0,0,0,0,0,0,0,0,0,0,0,0,0,0,0,0,0,0,1,0
2015,Tom Gilbert,MTL,D,72,55.58333333,0,0,0,0,0,8,0,15,10,1,0,0,0,0,0,0,0,0,0,1,2,0,1,0,0,0,-
2015,Matt Greene,L.A,D,82,5.3,0,0,0,0,0,0,0,0,0,0,0,0,0,2,1,1,0,0,0,0,0,0,0,0,0,0,-
2015,Matt Stajan,CGY,C,59,4.983333333,0,0,0,0,0,0,0,0,0,0,0,0,0,2,1,1,0,0,0,0,0,0,0,0,2,4,33.33
2015,Gregory Campbell,BOS,C,70,5.283333333,0,0,0,0,0,0,0,1,0,1,0,0,0,17,4,1,3,0,0,0,0,0,0,0,2,8,20
2015,Max Talbot,"BOS, COL",C,81,22.1,0,0,0,0,0,3,0,5,5,4,2,0,1,4,2,2,0,0,0,0,0,1,0,0,3,1,75
2015,Eric Nystrom,NSH,L,60,3.266666667,0,0,0,0,0,0,0,0,0,0,0,0,0,0,0,0,0,0,1,0,0,0,0,0,0,0,-
2015,Daniel Paille,BOS,L,71,3.383333333,0,0,0,0,0,0,0,0,0,0,0,0,0,0,0,0,0,0,0,0,0,0,0,0,0,0,-
2015,Jim Slater,WPG,C,82,6.4,0,0,0,0,0,0,0,0,0,0,0,0,0,20,7,5,2,0,1,1,0,0,1,0,3,1,75
2015,Patrick Dwyer,CAR,R,71,7.7,0,0,0,0,0,0,0,1,0,1,0,0,1,0,0,0,0,0,0,1,1,1,0,0,1,1,50
2015,Nate Guenin,COL,D,76,3.1,0,0,0,0,0,0,0,0,0,0,0,0,0,5,1,0,1,0,0,0,0,0,0,0,0,0,-
2015,Jonathan Ericsson,DET,D,82,13.95,0,0,0,0,0,1,0,3,3,0,0,0,0,4,2,2,0,0,1,0,0,0,0,0,0,0,-
2015,Josh Gorges,BUF,D,46,45.96666667,0,0,0,0,0,4,0,6,5,1,0,0,0,0,0,0,0,0,1,0,0,1,0,0,0,0,-
2015,Braydon Coburn,"PHI, T.B",D,43,5.7,0,0,0,0,0,1,0,2,2,0,0,0,0,2,1,1,0,0,0,0,0,0,0,0,0,0,-
2015,Mark Stuart,WPG,D,70,1.85,0,0,0,0,0,1,0,1,1,0,0,0,0,2,1,1,0,0,2,0,0,0,0,0,0,0,-
2015,Brian Boyle,T.B,C,82,21.06666667,0,0,0,0,0,1,0,5,3,4,2,1,0,16,4,3,0,1,1,0,0,1,1,0,7,11,38.89
2015,Kevin Klein,NYR,D,65,7.2,0,0,0,0,0,1,0,2,1,1,1,0,0,15,3,0,3,0,0,0,0,0,0,0,0,0,-
2015,Colin McDonald,NYI,R,18,2.316666667,0,0,0,0,0,0,0,0,0,0,0,0,0,0,0,0,0,0,0,0,0,0,0,0,0,0,-
2015,B.J. Crombeen,ARI,R,58,1.566666667,0,0,0,0,0,0,0,0,0,0,0,0,0,31,8,3,5,0,0,0,0,0,0,0,0,0,-
2015,Maxim Lapierre,"PIT, STL",C,80,3.816666667,0,0,0,0,0,0,0,0,0,0,0,0,0,2,1,1,0,0,0,0,0,0,0,0,4,1,80
2015,Daniel Carcillo,CHI,L,39,1.616666667,0,0,0,0,0,0,0,0,0,0,0,0,0,7,2,1,1,0,0,0,0,0,0,0,0,0,-
2015,Jan Hejda,COL,D,81,10.66666667,0,0,0,0,0,0,0,1,1,1,0,1,0,2,1,1,0,0,0,0,0,0,0,0,0,0,-
2015,Corey Potter,CGY,D,6,0.7,0,0,0,0,0,0,0,0,0,0,0,0,0,0,0,0,0,0,0,0,0,0,0,0,0,0,-
2015,Kyle Quincey,DET,D,73,12.7,0,0,0,0,0,1,0,2,1,0,0,0,0,6,3,3,0,0,1,1,0,1,0,0,0,0,-
2015,Tyson Strachan,BUF,D,46,5.95,0,0,0,0,0,0,0,1,1,0,0,0,0,0,0,0,0,0,0,0,0,0,0,0,0,0,-
2015,Marc Methot,OTT,D,45,8.4,0,0,0,0,0,2,0,2,2,0,0,0,0,0,0,0,0,0,0,0,0,0,0,1,0,0,-
2015,Nate Thompson,ANA,C,80,11.1,0,0,0,0,0,3,0,4,4,2,2,0,0,6,3,3,0,0,2,0,0,0,0,0,11,15,42.31
2015,Kyle Brodziak,MIN,C,73,4.716666667,0,0,0,0,0,0,0,0,0,0,0,0,0,7,2,1,1,0,0,0,0,0,0,0,2,7,22.22
2015,Shane O'Brien,FLA,D,9,0.983333333,0,0,0,0,0,1,0,1,1,0,0,0,0,5,1,0,1,0,1,0,0,0,0,0,0,0,-
2015,Tanner Glass,NYR,L,66,2.333333333,0,0,0,0,0,0,0,0,0,0,0,0,0,29,7,2,5,0,0,0,0,0,0,0,0,0,-
2015,Chris Porter,STL,L,24,1.566666667,0,0,0,0,0,0,0,0,0,0,0,0,0,0,0,0,0,0,0,0,0,0,0,0,0,0,-
2015,Clayton Stoner,ANA,D,69,5.85,0,0,0,0,0,1,0,4,2,1,0,0,0,15,3,0,3,0,0,0,1,0,0,0,0,0,-
2015,Ladislav Smid,CGY,D,31,0.433333333,0,0,0,0,0,0,0,0,0,0,0,0,0,7,2,1,1,0,0,0,0,0,0,0,0,0,-
2015,Jeff Schultz,L.A,D,9,0.333333333,0,0,0,0,0,0,0,0,0,0,0,0,0,0,0,0,0,0,0,0,0,0,0,0,0,0,-
2015,Mark Fistric,ANA,D,9,0.2,0,0,0,0,0,0,0,0,0,0,0,0,0,0,0,0,0,0,0,0,0,0,0,0,0,0,-
2015,David Booth,TOR,L,59,4.633333333,0,0,0,0,0,2,0,3,3,2,2,1,0,2,1,1,0,0,0,0,0,0,0,0,0,0,-
2015,Nicklas Grossmann,PHI,D,68,2.016666667,0,0,0,0,0,0,0,0,0,0,0,0,0,0,0,0,0,0,0,0,0,0,0,1,0,0,-
2015,Brandon Prust,MTL,L,82,11.06666667,0,0,0,0,0,1,0,2,2,1,0,0,0,57,12,1,11,0,2,0,0,1,0,0,0,0,-
2015,Alexei Emelin,MTL,D,68,5.75,0,0,0,0,0,0,0,0,0,0,0,0,0,0,0,0,0,0,0,0,0,0,0,0,0,0,-
2015,Peter Regin,CHI,C,4,1.016666667,0,0,0,0,0,0,0,0,0,0,0,0,0,0,0,0,0,0,1,0,0,0,0,0,0,0,-
2015,Tyler Kennedy,"NYI, S.J",C,38,5.416666667,0,0,0,0,0,0,0,0,0,0,0,0,0,0,0,0,0,0,0,0,0,0,0,0,0,0,-
2015,Torrey Mitchell,"BUF, MTL",C,65,7.916666667,0,0,0,0,0,1,0,1,1,0,0,0,0,0,0,0,0,0,0,0,0,0,0,0,2,4,33.33
2015,Mike Brown,S.J,R,12,0.1,0,0,0,0,0,0,0,0,0,0,0,0,0,7,2,1,1,0,0,0,0,0,0,0,0,0,-
2015,Adam Pardy,WPG,D,55,5.516666667,0,0,0,0,0,0,0,0,0,0,0,0,0,6,3,3,0,0,0,0,0,0,0,0,0,0,-
2015,Patrick Kaleta,BUF,R,42,1.5,0,0,0,0,0,0,0,0,0,0,0,0,0,12,3,1,2,0,2,0,0,0,1,0,0,0,-
2015,Roman Polak,TOR,D,56,3.35,0,0,0,0,0,0,0,0,0,0,0,0,0,2,1,1,0,0,0,0,0,0,1,1,0,0,-
2015,Travis Morin,DAL,C,6,7.9,0,0,0,0,0,0,0,1,1,0,0,0,0,0,0,0,0,0,0,0,0,0,1,0,2,1,66.67
2015,Daniel Winnik,"PIT, TOR",L,79,4.733333333,0,0,0,0,0,0,0,0,0,0,0,0,0,2,1,1,0,0,1,0,0,0,0,0,1,0,100
2015,Grant Clitsome,WPG,D,24,12.8,0,0,0,0,0,2,0,7,3,4,0,0,1,0,0,0,0,0,0,0,0,0,1,0,0,0,-
2015,Adam Cracknell,CBJ,R,17,1.3,0,0,0,0,0,0,0,0,0,0,0,0,0,0,0,0,0,0,0,0,0,0,0,0,1,0,100
2015,Jannik Hansen,VAN,R,81,37.4,0,0,0,0,0,7,0,10,9,7,6,0,1,5,1,0,1,0,1,0,0,3,0,0,0,0,-
2015,Tim Sestito,N.J,L,15,0.083333333,0,0,0,0,0,0,0,0,0,0,0,0,0,5,1,0,1,0,0,0,0,0,0,0,0,1,0
2015,Cody McLeod,COL,L,82,36.3,0,0,0,0,0,8,0,10,9,8,8,0,1,42,12,6,6,0,2,1,0,2,2,0,0,0,-
2015,Jack Skille,CBJ,R,45,5,0,0,0,0,0,2,0,2,2,1,1,0,0,5,1,0,1,0,1,0,0,0,0,0,1,0,100
2015,Devin Setoguchi,CGY,R,12,16.58333333,0,0,0,0,0,4,0,7,4,3,2,0,0,0,0,0,0,0,0,0,0,1,0,0,0,0,-
2015,Marc Staal,NYR,D,80,10.75,0,0,0,0,0,1,0,1,1,1,0,0,0,8,4,4,0,0,0,0,0,0,1,0,0,0,-
2015,Andrew Cogliano,ANA,L,82,6.116666667,0,0,0,0,0,0,0,0,0,0,0,0,0,0,0,0,0,0,2,0,0,0,0,0,0,3,0
2015,Taylor Chorney,PIT,D,7,5.916666667,0,0,0,0,0,1,0,2,1,0,0,0,0,0,0,0,0,0,0,0,0,0,0,0,0,0,-
2015,Adam McQuaid,BOS,D,63,4.516666667,0,0,0,0,0,0,0,1,1,1,0,0,0,10,2,0,2,0,0,0,0,0,0,0,0,0,-
2015,Marc-Andre Cliche,COL,C,74,3.783333333,0,0,0,0,0,0,0,0,0,0,0,0,0,0,0,0,0,0,0,0,0,0,0,0,2,3,40
2015,Mark Fraser,N.J,D,34,1.416666667,0,0,0,0,0,0,0,0,0,0,0,0,0,24,6,2,4,0,0,0,0,0,0,0,0,0,-
2015,Chris Butler,STL,D,33,12.01666667,0,0,0,0,0,3,0,6,5,2,0,0,0,5,1,0,1,0,0,0,0,1,0,0,0,0,-
2015,Chris VandeVelde,PHI,C,72,6.9,0,0,0,0,0,1,0,1,1,0,0,0,0,2,1,1,0,0,0,0,0,0,0,0,1,0,100
2015,Jared Boll,CBJ,R,72,0.716666667,0,0,0,0,0,0,0,0,0,0,0,0,0,22,5,1,4,0,1,0,0,0,0,0,0,0,-
2015,Niklas Hjalmarsson,CHI,D,82,11.81666667,0,0,0,0,0,0,0,1,0,0,0,0,0,0,0,0,0,0,0,0,0,0,0,0,0,0,-
2015,Mark Fayne,EDM,D,74,15.08333333,0,0,0,0,0,4,0,8,6,1,0,0,0,0,0,0,0,0,0,1,0,0,0,1,0,0,-
2015,Ryan Reaves,STL,R,81,3.116666667,0,0,0,0,0,0,0,0,0,0,0,0,0,27,6,1,5,0,0,0,0,0,0,0,0,0,-
2015,Brett Sutter,MIN,L,6,0.433333333,0,0,0,0,0,0,0,0,0,0,0,0,0,0,0,0,0,0,0,0,0,0,0,0,0,0,-
2015,Joe Vitale,ARI,C,70,1.8,0,0,0,0,0,0,0,1,1,1,1,0,0,7,2,1,1,0,0,0,0,0,0,0,2,3,40
2015,Colin Greening,OTT,C,26,1.483333333,0,0,0,0,0,0,0,0,0,0,0,0,0,15,2,0,1,1,0,0,0,0,0,0,0,0,-
2015,Kyle Cumiskey,CHI,D,7,1.716666667,0,0,0,0,0,0,0,0,0,0,0,0,0,0,0,0,0,0,0,0,0,0,0,0,0,0,-
2015,Mike Angelidis,T.B,L,3,0.116666667,0,0,0,0,0,0,0,0,0,0,0,0,0,0,0,0,0,0,0,0,0,0,0,0,0,0,-
2015,Andrew Desjardins,"CHI, S.J",L,69,4.416666667,0,0,0,0,0,1,0,1,1,0,0,0,0,20,4,0,4,0,1,0,0,0,0,0,3,2,60
2015,Peter Harrold,N.J,D,43,13.16666667,0,0,0,0,0,2,0,5,3,3,1,0,0,0,0,0,0,0,0,1,0,1,0,0,0,0,-
2015,Stephen Gionta,N.J,R,61,5.866666667,0,0,0,0,0,0,0,0,0,0,0,0,0,0,0,0,0,0,0,0,0,0,0,0,4,2,66.67
2015,Alex Biega,VAN,D,7,1.333333333,0,0,0,0,0,1,0,1,1,0,0,0,0,0,0,0,0,0,0,0,0,0,0,0,0,0,-
2015,Mike Weber,BUF,D,64,5.45,0,0,0,0,0,0,0,1,1,0,0,0,1,5,1,0,1,0,1,0,0,0,0,1,0,0,-
2015,Derek Dorsett,VAN,R,79,30.03333333,0,0,0,0,0,1,0,4,4,4,4,0,2,67,16,6,9,1,2,0,0,0,2,0,0,0,-
2015,Trevor Lewis,L.A,C,73,21.4,0,0,0,0,0,0,0,1,1,0,0,0,0,2,1,1,0,0,0,0,1,1,1,0,3,5,37.5
2015,Ryan White,PHI,C,34,21.98333333,0,0,0,0,0,2,0,6,6,6,6,0,0,0,0,0,0,0,0,0,0,4,0,0,0,1,0
2015,Eric Gryba,OTT,D,75,2.4,0,0,0,0,0,0,0,0,0,0,0,0,0,7,2,1,1,0,0,0,0,1,0,0,0,0,-
2015,Jesse Joensuu,EDM,L,20,3.983333333,0,0,0,0,0,0,0,0,0,0,0,0,0,0,0,0,0,0,0,0,0,0,0,0,0,0,-
2015,Viktor Stalberg,NSH,L,25,0.816666667,0,0,0,0,0,0,0,0,0,0,0,0,0,2,1,1,0,0,2,0,0,0,0,0,0,0,-
2015,Michael Grabner,NYI,R,34,1.2,0,0,0,0,0,0,0,0,0,0,0,0,0,0,0,0,0,0,0,0,0,0,0,0,0,0,-
2015,Korbinian Holzer,TOR,D,34,1.083333333,0,0,0,0,0,0,0,0,0,0,0,0,0,0,0,0,0,0,0,0,0,0,0,0,0,0,-
2015,Brian Strait,NYI,D,52,2.666666667,0,0,0,0,0,0,0,0,0,0,0,0,0,2,1,1,0,0,1,0,0,0,0,0,0,0,-
2015,Nikolay Kulemin,NYI,L,82,20.25,0,0,0,0,0,1,0,3,3,3,3,0,0,0,0,0,0,0,0,0,1,0,1,0,0,0,-
2015,Erik Condra,OTT,R,68,7.116666667,0,0,0,0,0,0,0,0,0,0,0,0,0,2,1,1,0,0,0,0,0,0,1,0,0,0,-
2015,Chris Summers,"ARI, NYR",D,20,0.666666667,0,0,0,0,0,0,0,0,0,0,0,0,0,2,1,1,0,0,0,0,0,0,0,0,0,0,-
2015,Ryan Carter,MIN,L,53,2.35,0,0,0,0,0,0,0,0,0,0,0,0,0,13,5,4,1,0,1,0,0,0,1,0,0,0,-
2015,Victor Bartley,NSH,D,37,0.433333333,0,0,0,0,0,0,0,0,0,0,0,0,0,5,1,0,1,0,0,0,0,0,0,0,0,0,-
2015,Andrew Ebbett,PIT,C,24,1.2,0,0,0,0,0,0,0,0,0,0,0,0,0,0,0,0,0,0,0,0,0,0,0,0,2,1,66.67
2015,Ryan Wilson,COL,D,3,0.166666667,0,0,0,0,0,0,0,0,0,0,0,0,0,0,0,0,0,0,0,0,0,0,0,0,0,0,-
2015,John Scott,S.J,L,38,0.316666667,0,0,0,0,0,0,0,0,0,0,0,0,0,31,6,3,1,2,1,0,0,0,0,0,0,0,-
2015,Steven Pinizzotto,EDM,R,18,0.3,0,0,0,0,0,0,0,0,0,0,0,0,0,15,3,0,3,0,1,0,0,0,0,0,0,0,-
2015,Joe Piskula,NSH,D,1,0.05,0,0,0,0,0,0,0,0,0,0,0,0,0,0,0,0,0,0,0,0,0,0,0,0,0,0,-
2015,Ben Lovejoy,"ANA, PIT",D,60,11.9,0,0,0,0,0,3,0,5,4,1,0,0,0,5,1,0,1,0,0,0,0,1,0,0,0,0,-
2015,Trevor Smith,TOR,C,54,6.8,0,0,0,0,0,1,0,2,1,2,1,0,0,0,0,0,0,0,0,0,0,1,0,0,8,2,80
2015,Rob Klinkhammer,"ARI, EDM, PIT",L,69,4.166666667,0,0,0,0,0,0,0,0,0,0,0,0,0,5,1,0,1,0,0,0,0,0,0,0,0,0,-
2015,Luke Gazdic,EDM,L,40,0.616666667,0,0,0,0,0,0,0,0,0,0,0,0,0,27,6,1,5,0,0,0,0,0,0,0,0,0,-
2015,Karl Alzner,WSH,D,82,1.566666667,0,0,0,0,0,0,0,0,0,0,0,0,0,0,0,0,0,0,0,0,0,0,0,0,0,0,-
2015,Justin Falk,"CBJ, MIN",D,18,0.2,0,0,0,0,0,0,0,0,0,0,0,0,0,5,1,0,1,0,0,0,0,0,0,0,0,0,-
2015,TJ Galiardi,WPG,L,38,3.333333333,0,0,0,0,0,1,0,1,1,1,0,0,0,0,0,0,0,0,0,0,0,0,0,0,0,0,-
2015,Keith Aulie,EDM,D,31,1.15,0,0,0,0,0,0,0,0,0,0,0,0,0,5,1,0,1,0,1,0,0,0,0,0,0,0,-
2015,Anthony Peluso,WPG,R,49,2.316666667,0,0,0,0,0,0,0,0,0,0,0,0,0,25,3,0,1,2,0,0,0,0,1,0,0,1,0
2015,Thomas Hickey,NYI,D,81,19.66666667,0,0,0,0,0,2,0,3,2,0,0,0,0,0,0,0,0,0,0,0,0,0,0,2,0,0,-
2015,Brad Malone,CAR,C,65,7,0,0,0,0,0,1,0,1,1,1,1,0,0,12,3,1,2,0,0,1,0,0,0,0,0,1,0
2015,Matt Halischuk,WPG,R,47,5.666666667,0,0,0,0,0,0,0,0,0,0,0,0,0,0,0,0,0,0,0,0,0,0,0,0,0,0,-
2015,Corey Tropp,CBJ,R,61,1.85,0,0,0,0,0,0,0,0,0,0,0,0,0,5,1,0,1,0,2,0,0,0,0,0,0,0,-
2015,Brett Bellemore,CAR,D,49,2.45,0,0,0,0,0,0,0,0,0,0,0,0,0,0,0,0,0,0,0,0,0,0,0,0,0,0,-
2015,Robert Bortuzzo,"PIT, STL",D,51,7.583333333,0,0,0,0,0,2,0,3,3,1,0,0,0,21,6,3,3,0,2,0,0,0,0,0,0,0,-
2015,Jonathon Blum,MIN,D,4,0.35,0,0,0,0,0,0,0,0,0,0,0,0,0,0,0,0,0,0,0,0,0,0,0,0,0,0,-
2015,Joakim Andersson,DET,C,68,7,0,0,0,0,0,2,0,2,2,2,2,0,0,0,0,0,0,0,1,0,0,0,1,0,2,2,50
2015,Matt Frattin,TOR,R,9,0.183333333,0,0,0,0,0,0,0,0,0,0,0,0,0,0,0,0,0,0,0,0,0,1,0,0,0,0,-
2015,Zack Smith,OTT,C,37,7.25,0,0,0,0,0,0,0,0,0,0,0,0,0,8,4,4,0,0,0,0,0,0,1,0,3,6,33.33
2015,Jay Beagle,WSH,C,62,1.833333333,0,0,0,0,0,0,0,0,0,0,0,0,0,0,0,0,0,0,0,0,0,0,0,0,1,2,33.33
2015,Michael Kostka,NYR,D,7,0.45,0,0,0,0,0,0,0,0,0,0,0,0,0,0,0,0,0,0,0,0,0,0,0,0,0,0,-
2015,Bryan Lerg,S.J,C,2,2.033333333,0,0,0,0,0,0,0,0,0,0,0,0,0,0,0,0,0,0,0,0,0,0,1,0,0,0,-
2015,Jack Hillen,"CAR, WSH",D,38,1.1,0,0,0,0,0,0,0,0,0,0,0,0,0,0,0,0,0,0,0,0,0,0,0,0,0,0,-
2015,Luke Schenn,PHI,D,58,4.5,0,0,0,0,0,0,0,2,1,1,0,0,0,0,0,0,0,0,0,0,0,0,0,0,0,0,-
2015,Zach Boychuk,CAR,L,31,8.8,0,0,0,0,0,0,0,1,0,1,1,0,0,0,0,0,0,0,0,0,0,1,0,0,0,0,-
2015,Luca Sbisa,VAN,D,76,8.166666667,0,0,0,0,0,0,0,1,1,0,0,0,0,7,2,1,1,0,1,0,0,1,0,0,0,0,-
2015,Cody Goloubef,CBJ,D,36,1.883333333,0,0,0,0,0,1,0,1,1,0,0,0,0,5,1,0,1,0,0,0,0,0,0,0,0,0,-
2015,Eric O'Dell,WPG,C,11,1.35,0,0,0,0,0,0,0,0,0,0,0,0,0,0,0,0,0,0,0,0,0,0,0,0,0,0,-
2015,Colby Robak,"ANA, FLA",D,12,0.816666667,0,0,0,0,0,0,0,0,0,0,0,0,0,0,0,0,0,0,0,0,0,0,0,0,0,0,-
2015,Zac Dalpe,BUF,C,21,0.466666667,0,0,0,0,0,0,0,0,0,0,0,0,0,0,0,0,0,0,0,0,0,0,0,0,0,0,-
2015,Andrew Campbell,ARI,D,33,0.266666667,0,0,0,0,0,0,0,0,0,0,0,0,0,0,0,0,0,0,0,0,0,0,0,0,0,0,-
2015,Brandon McMillan,"ARI, VAN",L,58,2.216666667,0,0,0,0,0,0,0,0,0,0,0,0,0,2,1,1,0,0,0,0,0,0,1,0,0,0,-
2015,Matt Donovan,NYI,D,12,13.38333333,0,0,0,0,0,3,0,7,5,3,0,0,0,0,0,0,0,0,0,1,0,0,0,0,0,0,-
2015,David Warsofsky,BOS,D,4,7.816666667,0,0,0,0,0,2,0,4,2,2,0,0,0,0,0,0,0,0,0,0,0,0,0,0,0,0,-
2015,Dale Weise,MTL,R,79,7.65,0,0,0,0,0,1,0,1,1,1,1,0,0,9,3,2,1,0,0,0,0,0,0,0,0,1,0
2015,Matt Calvert,CBJ,L,56,48.85,0,0,0,0,0,6,0,11,8,9,5,0,0,10,2,0,2,0,0,3,0,1,2,0,2,0,100
2015,Greg Pateryn,MTL,D,17,1.633333333,0,0,0,0,0,0,0,0,0,0,0,0,0,0,0,0,0,0,0,0,0,0,0,1,0,0,-
2015,Mark Borowiecki,OTT,D,63,1.866666667,0,0,0,0,0,0,0,0,0,0,0,0,0,20,4,0,4,0,2,0,0,0,0,0,0,0,-
2015,Matt Martin,NYI,L,78,12.2,0,0,0,0,0,2,0,2,2,2,1,0,0,19,4,2,1,1,0,0,0,1,1,0,0,0,-
2015,Mark Barberio,T.B,D,52,3.333333333,0,0,0,0,0,0,0,1,0,0,0,0,0,0,0,0,0,0,0,0,0,0,1,0,0,0,-
2015,Luke Witkowski,T.B,D,16,0.133333333,0,0,0,0,0,0,0,0,0,0,0,0,0,0,0,0,0,0,0,0,0,0,0,0,0,0,-
2015,Ben Smith,"CHI, S.J",R,80,11.23333333,0,0,0,0,0,0,0,0,0,0,0,0,0,0,0,0,0,0,0,1,0,0,2,1,1,5,16.67
2015,Zac Rinaldo,PHI,C,58,4.25,0,0,0,0,0,2,0,2,2,1,0,0,0,20,7,5,2,0,2,0,0,0,0,0,0,0,-
2015,Sean Collins,CBJ,C,8,0.45,0,0,0,0,0,0,0,0,0,0,0,0,0,0,0,0,0,0,0,0,0,0,0,0,0,0,-
2015,Andrew MacWilliam,TOR,D,12,0.183333333,0,0,0,0,0,0,0,0,0,0,0,0,0,2,1,1,0,0,0,0,0,0,0,0,0,0,-
2015,Matt Bartkowski,BOS,D,47,3.633333333,0,0,0,0,0,1,0,1,1,1,0,0,0,5,1,0,1,0,0,0,0,0,0,0,0,0,-
2015,Dalton Prout,CBJ,D,63,2.583333333,0,0,0,0,0,0,0,0,0,0,0,0,0,26,7,3,4,0,1,0,0,0,0,0,0,0,-
2015,Zach Sill,"PIT, TOR",C,63,3.066666667,0,0,0,0,0,0,0,0,0,0,0,0,0,35,7,0,7,0,3,0,0,1,0,0,1,1,50
2015,Jordan Schroeder,MIN,C,25,0.333333333,0,0,0,0,0,0,0,0,0,0,0,0,0,0,0,0,0,0,0,0,0,0,0,0,0,0,-
2015,Jordan Caron,"BOS, COL",R,30,0.983333333,0,0,0,0,0,0,0,0,0,0,0,0,0,2,1,1,0,0,0,0,0,0,0,0,0,0,-
2015,Landon Ferraro,DET,C,3,0.033333333,0,0,0,0,0,0,0,0,0,0,0,0,0,0,0,0,0,0,0,0,0,0,0,0,0,0,-
2015,Kyle Clifford,L.A,L,80,7.35,0,0,0,0,0,2,0,2,2,2,2,0,1,10,2,0,2,0,0,0,0,0,2,0,0,0,-
2015,Chris Brown,WSH,R,5,0.033333333,0,0,0,0,0,0,0,0,0,0,0,0,0,0,0,0,0,0,0,0,0,0,0,0,0,0,-
2015,Jared Cowen,OTT,D,54,5.683333333,0,0,0,0,0,0,0,0,0,0,0,0,0,5,1,0,1,0,0,0,0,0,0,0,0,0,-
2015,Calvin de Haan,NYI,D,65,11.86666667,0,0,0,0,0,0,0,2,1,1,0,0,0,0,0,0,0,0,0,0,0,0,1,0,0,0,-
2015,Stefan Elliott,COL,D,5,7.416666667,0,0,0,0,0,4,0,8,5,1,0,0,1,0,0,0,0,0,0,0,0,0,0,0,0,0,-
2015,Brian Dumoulin,PIT,D,8,2.266666667,0,0,0,0,0,0,0,0,0,0,0,0,0,0,0,0,0,0,0,0,0,0,0,0,0,0,-
2015,Drew Shore,CGY,C,11,3.116666667,0,0,0,0,0,0,0,0,0,0,0,0,0,0,0,0,0,0,0,0,0,0,0,0,1,1,50
2015,Jeremy Morin,"CBJ, CHI",L,43,10.13333333,0,0,0,0,0,3,0,3,3,3,2,0,0,0,0,0,0,0,4,0,0,1,1,0,1,0,100
2015,Jordan Szwarz,ARI,R,9,0.233333333,0,0,0,0,0,0,0,0,0,0,0,0,0,0,0,0,0,0,0,0,0,0,0,0,0,0,-
2015,Nicolas Deslauriers,BUF,L,82,9.85,0,0,0,0,0,0,0,1,0,0,0,0,0,7,2,1,1,0,1,0,0,0,0,0,0,0,-
2015,Michael Latta,WSH,C,53,1.15,0,0,0,0,0,0,0,0,0,0,0,0,0,30,6,0,6,0,1,0,0,0,0,0,2,2,50
2015,Garrett Wilson,FLA,L,2,0.366666667,0,0,0,0,0,0,0,0,0,0,0,0,0,0,0,0,0,0,0,0,0,0,0,0,0,0,-
2015,Tomas Vincour,COL,C,7,0.55,0,0,0,0,0,0,0,0,0,0,0,0,0,0,0,0,0,0,0,0,0,0,0,0,0,0,-
2015,Gabriel Bourque,NSH,L,69,19.61666667,0,0,0,0,0,2,0,5,5,5,4,0,0,2,1,1,0,0,0,3,0,1,0,0,0,0,-
2015,Seth Helgeson,N.J,D,22,0.133333333,0,0,0,0,0,0,0,0,0,0,0,0,0,7,2,1,1,0,0,0,0,0,0,0,0,0,-
2015,Ben Chiarot,WPG,D,40,2.033333333,0,0,0,0,0,0,0,0,0,0,0,0,0,5,1,0,1,0,0,0,0,0,0,0,0,0,-
2015,Rasmus Rissanen,CAR,D,6,0.233333333,0,0,0,0,0,0,0,0,0,0,0,0,0,0,0,0,0,0,0,0,0,0,0,0,0,0,-
2015,Brandon Kozun,TOR,R,20,0.716666667,0,0,0,0,0,0,0,0,0,0,0,0,0,0,0,0,0,0,0,0,0,0,0,0,0,0,-
2015,Jerry D'Amigo,BUF,R,9,0.266666667,0,0,0,0,0,0,0,0,0,0,0,0,0,0,0,0,0,0,0,0,0,0,0,0,0,0,-
2015,Curtis McKenzie,DAL,L,36,1.766666667,0,0,0,0,0,0,0,0,0,0,0,0,0,12,3,1,2,0,0,0,0,0,0,0,0,0,-
2015,Phil Varone,BUF,C,28,21.1,0,0,0,0,0,1,0,1,1,1,1,0,0,0,0,0,0,0,0,1,0,0,1,0,3,7,30
2015,Marcus Kruger,CHI,C,81,2.033333333,0,0,0,0,0,0,0,1,1,1,1,0,0,4,2,2,0,0,0,0,0,0,0,0,1,2,33.33
2015,Jordan Nolan,L.A,C,60,3.983333333,0,0,0,0,0,0,0,0,0,0,0,0,0,21,5,3,1,1,1,0,0,1,0,0,0,1,0
2015,Craig Cunningham,"ARI, BOS",L,51,2.916666667,0,0,0,0,0,0,0,0,0,0,0,0,0,0,0,0,0,0,0,0,0,0,0,0,2,2,50
2015,Brandon Manning,PHI,D,11,2.65,0,0,0,0,0,0,0,0,0,0,0,0,0,0,0,0,0,0,0,0,0,0,0,1,0,0,-
2015,Brenden Dillon,"DAL, S.J",D,80,9.733333333,0,0,0,0,0,0,0,0,0,0,0,0,0,7,2,1,1,0,0,0,0,0,1,0,0,0,-
2015,Radko Gudas,T.B,D,31,2.833333333,0,0,0,0,0,0,0,0,0,0,0,0,0,6,3,3,0,0,0,0,0,0,0,0,0,0,-
2015,Ryan Stanton,VAN,D,54,2.5,0,0,0,0,0,1,0,1,1,0,0,0,0,0,0,0,0,0,0,0,0,0,0,1,0,0,-
2015,Nate Prosser,MIN,D,63,2.716666667,0,0,0,0,0,0,0,0,0,0,0,0,0,2,1,1,0,0,0,0,0,0,0,0,0,0,-
2015,Brandon Bollig,CGY,L,62,3.716666667,0,0,0,0,0,0,0,0,0,0,0,0,0,17,4,1,3,0,0,0,0,0,1,0,0,0,-
2015,Calle Jarnkrok,NSH,C,74,15.23333333,0,0,0,0,0,1,0,1,1,1,0,0,0,0,0,0,0,0,1,0,0,0,0,0,9,9,50
2015,Martin Marincin,EDM,D,41,4.916666667,0,0,0,0,0,2,0,4,3,2,0,0,0,0,0,0,0,0,0,0,0,0,0,0,0,0,-
2015,Danny Biega,CAR,D,10,0.316666667,0,0,0,0,0,0,0,0,0,0,0,0,0,0,0,0,0,0,0,0,0,0,0,0,0,0,-
2015,Curtis Hamilton,EDM,L,1,0.3,0,0,0,0,0,0,0,0,0,0,0,0,0,0,0,0,0,0,0,0,0,0,0,0,0,0,-
2015,Greg McKegg,TOR,C,3,0.35,0,0,0,0,0,0,0,0,0,0,0,0,0,0,0,0,0,0,0,0,0,0,0,0,0,1,0
2015,Michael Bournival,MTL,L,29,1.266666667,0,0,0,0,0,0,0,0,0,0,0,0,0,2,1,1,0,0,0,0,0,0,0,0,0,0,-
2015,Patrik Nemeth,DAL,D,22,1.733333333,0,0,0,0,0,0,0,0,0,0,0,0,0,0,0,0,0,0,1,0,0,0,0,0,0,0,-
2015,Christian Thomas,MTL,L,18,2.9,0,0,0,0,0,0,0,1,1,0,0,0,0,0,0,0,0,0,0,0,1,0,0,0,0,0,-
2015,Tyler Pitlick,EDM,"C, R",17,3.5,0,0,0,0,0,0,0,0,0,0,0,0,0,0,0,0,0,0,0,0,0,0,0,0,2,1,66.67
2015,Alex Petrovic,FLA,D,33,6.033333333,0,0,0,0,0,1,0,3,1,0,0,0,0,7,2,1,1,0,0,0,0,0,0,0,0,0,-
2015,Beau Bennett,PIT,R,49,36.8,0,0,0,0,0,9,0,15,11,10,3,0,0,0,0,0,0,0,0,2,0,1,7,0,0,0,-
2015,Joey Hishon,COL,C,13,12.58333333,0,0,0,0,0,1,0,3,2,2,1,0,0,0,0,0,0,0,0,0,1,0,2,0,0,0,-
2015,Emerson Etem,ANA,"L, R",45,12.31666667,0,0,0,0,0,0,0,1,0,1,0,0,0,0,0,0,0,0,0,0,0,0,2,0,0,0,-
2015,Petter Granberg,TOR,D,7,0.033333333,0,0,0,0,0,0,0,0,0,0,0,0,0,0,0,0,0,0,0,0,0,0,0,0,0,0,-
2015,Tye McGinn,"ARI, S.J",L,51,4.55,0,0,0,0,0,0,0,0,0,0,0,0,0,11,4,3,1,0,0,0,0,0,0,0,0,0,-
2015,Mark Pysyk,BUF,D,7,2.733333333,0,0,0,0,0,0,0,1,0,0,0,0,0,0,0,0,0,0,0,0,0,0,0,0,0,0,-
2015,Joakim Nordstrom,CHI,L,38,1.216666667,0,0,0,0,0,0,0,1,0,1,1,1,0,0,0,0,0,0,0,0,0,0,0,0,0,1,0
2015,Michael Chaput,CBJ,C,33,2.4,0,0,0,0,0,1,0,1,1,1,1,0,1,4,2,2,0,0,0,0,0,1,0,0,1,1,50
2015,Bryan Rust,PIT,R,14,5.983333333,0,0,0,0,0,2,0,2,2,0,0,0,0,2,1,1,0,0,1,1,0,0,0,0,0,0,-
2015,Stanislav Galiev,WSH,R,2,0.3,0,0,0,0,0,0,0,0,0,0,0,0,0,0,0,0,0,0,0,0,0,0,0,0,0,0,-
2015,Justin Shugg,CAR,R,3,0.116666667,0,0,0,0,0,0,0,0,0,0,0,0,0,0,0,0,0,0,0,0,0,0,0,0,0,0,-
2015,Anthony Bitetto,NSH,D,7,0.25,0,0,0,0,0,0,0,0,0,0,0,0,0,5,1,0,1,0,1,0,0,0,0,0,0,0,-
2015,Brandon Davidson,EDM,D,12,0.483333333,0,0,0,0,0,0,0,0,0,0,0,0,0,0,0,0,0,0,0,0,0,0,0,0,0,0,-
2015,Freddie Hamilton,"COL, S.J",C,18,2.75,0,0,0,0,0,0,0,0,0,0,0,0,0,0,0,0,0,0,0,0,0,0,0,0,1,2,33.33
2015,Zach Trotman,BOS,D,27,19.18333333,0,0,0,0,0,2,0,15,8,3,0,0,0,0,0,0,0,0,0,0,0,0,0,0,0,0,-
2015,Jason Akeson,PHI,R,13,2.95,0,0,0,0,0,0,0,0,0,0,0,0,0,2,1,1,0,0,0,1,0,0,0,0,0,0,-
2015,Michael Sgarbossa,COL,C,3,0.566666667,0,0,0,0,0,0,0,1,0,1,0,0,0,0,0,0,0,0,0,0,0,0,0,0,0,0,-
2015,Brendan Shinnimin,ARI,C,12,1.333333333,0,0,0,0,0,0,0,0,0,0,0,0,0,2,1,1,0,0,0,0,0,0,0,0,0,0,-
2015,Ryan Garbutt,DAL,C,67,7.466666667,0,0,0,0,0,1,0,1,1,1,1,0,0,11,4,3,1,0,0,0,0,0,1,0,0,1,0
2015,Kael Mouillierat,NYI,L,6,0.15,0,0,0,0,0,0,0,0,0,0,0,0,0,0,0,0,0,0,0,0,0,0,0,0,0,0,-
2015,Will Acton,EDM,C,3,0.05,0,0,0,0,0,0,0,0,0,0,0,0,0,0,0,0,0,0,0,0,0,0,0,0,0,0,-
2015,Kevan Miller,BOS,D,41,0.25,0,0,0,0,0,0,0,0,0,0,0,0,0,0,0,0,0,0,0,0,0,0,0,0,0,0,-
2015,Cory Conacher,NYI,C,15,12.43333333,0,0,0,0,0,1,0,1,1,1,1,0,0,2,1,1,0,0,0,0,0,1,1,0,0,0,-
2015,Mike Sislo,N.J,R,10,0.133333333,0,0,0,0,0,0,0,0,0,0,0,0,0,0,0,0,0,0,0,0,0,0,0,0,0,0,-
2015,Jyrki Jokipakka,DAL,D,51,2.966666667,0,0,0,0,0,0,0,0,0,0,0,0,0,0,0,0,0,0,0,0,0,0,0,0,0,0,-
2015,Alexey Marchenko,DET,D,13,1.516666667,0,0,0,0,0,0,0,0,0,0,0,0,0,0,0,0,0,0,0,0,0,0,0,0,0,0,-
2015,Frank Corrado,VAN,D,10,3.45,0,0,0,0,0,0,0,0,0,0,0,0,0,0,0,0,0,0,0,0,0,0,0,0,0,0,-
2015,Josh Manson,ANA,D,28,1.45,0,0,0,0,0,0,0,0,0,0,0,0,0,7,2,1,1,0,0,0,0,0,0,0,0,0,-
2015,Brian Ferlin,BOS,R,7,0.433333333,0,0,0,0,0,0,0,0,0,0,0,0,0,0,0,0,0,0,0,0,0,0,0,0,0,0,-
2015,Nick Cousins,PHI,C,11,1.916666667,0,0,0,0,0,0,0,0,0,0,0,0,0,0,0,0,0,0,0,0,0,0,0,0,0,0,-
2015,Klas Dahlbeck,"ARI, CHI",D,23,0.1,0,0,0,0,0,0,0,0,0,0,0,0,0,0,0,0,0,0,1,0,0,0,0,0,0,0,-
2015,Andy Andreoff,L.A,L,18,1.3,0,0,0,0,0,0,0,0,0,0,0,0,0,5,1,0,1,0,0,0,0,0,0,0,0,0,-
2015,Josh Leivo,TOR,L,9,0.883333333,0,0,0,0,0,0,0,1,1,1,1,0,1,2,1,1,0,0,0,0,0,0,1,0,0,0,-
2015,Jean-Gabriel Pageau,OTT,C,50,8.85,0,0,0,0,0,0,0,1,1,1,1,0,0,5,1,0,1,0,0,1,0,0,1,0,8,5,61.54
2015,Reid Boucher,N.J,C,11,0.9,0,0,0,0,0,0,0,0,0,0,0,0,0,0,0,0,0,0,0,0,0,0,0,0,0,0,-
2015,David Musil,EDM,D,4,0.3,0,0,0,0,0,0,0,0,0,0,0,0,0,0,0,0,0,0,0,0,0,0,0,0,0,0,-
2015,Ty Rattie,STL,R,11,6.816666667,0,0,0,0,0,1,0,1,1,1,1,0,0,0,0,0,0,0,0,0,0,0,0,0,0,0,-
2015,Rocco Grimaldi,FLA,C,7,2.633333333,0,0,0,0,0,0,0,0,0,0,0,0,0,0,0,0,0,0,0,0,0,0,1,0,1,0,100
2015,Alex Khokhlachev,BOS,C,3,2.833333333,0,0,0,0,0,0,0,0,0,0,0,0,0,0,0,0,0,0,0,0,0,0,0,0,0,0,-
2015,Brett Ritchie,DAL,R,31,71.15,0,0,0,0,0,14,0,22,17,16,9,0,3,4,2,2,0,0,0,0,1,1,1,0,0,0,-
2015,Xavier Ouellet,DET,D,21,2.733333333,0,0,0,0,0,0,0,1,1,1,0,0,0,0,0,0,0,0,0,0,0,0,0,0,0,0,-
2015,Scott Harrington,PIT,D,10,4.3,0,0,0,0,0,0,0,1,1,0,0,0,0,0,0,0,0,0,0,1,0,0,0,0,0,0,-
2015,Lucas Lessio,ARI,L,26,7.183333333,0,0,0,0,0,1,0,1,1,1,1,0,0,0,0,0,0,0,0,0,0,0,0,0,0,0,-
2015,Adam Larsson,N.J,D,64,21.06666667,0,0,0,0,0,4,0,5,4,0,0,0,1,0,0,0,0,0,0,1,0,0,2,0,0,0,-
2015,Sven Baertschi,"CGY, VAN",L,18,4.65,0,0,0,0,0,1,0,1,1,1,0,0,0,0,0,0,0,0,0,0,0,0,0,0,0,0,-
2015,Jamie Oleksiak,DAL,D,36,2.116666667,0,0,0,0,0,1,0,1,1,0,0,0,0,0,0,0,0,0,0,0,0,0,0,0,0,0,-
2015,Connor Murphy,ARI,D,73,3.666666667,0,0,0,0,0,2,0,2,2,0,0,0,1,12,3,1,2,0,0,0,0,0,0,0,0,0,-
2015,Joe Morrow,BOS,D,15,5.5,0,0,0,0,0,0,0,1,0,0,0,0,0,0,0,0,0,0,0,0,0,0,0,0,0,0,-
2015,Phillip Danault,CHI,L,2,2.366666667,0,0,0,0,0,0,0,0,0,0,0,0,0,0,0,0,0,0,0,0,0,1,0,0,0,1,0
2015,Nicklas Jensen,VAN,R,5,0.6,0,0,0,0,0,0,0,0,0,0,0,0,0,0,0,0,0,0,0,0,0,0,0,0,0,0,-
2015,Jonathan Marchessault,T.B,C,2,1.55,0,0,0,0,0,0,0,0,0,0,0,0,0,0,0,0,0,0,0,0,0,0,0,0,0,1,0
2015,Daniil Tarasov,S.J,R,5,1.9,0,0,0,0,0,0,0,0,0,0,0,0,0,0,0,0,0,0,0,0,1,0,0,0,0,0,-
2015,Barclay Goodrow,S.J,R,60,15.11666667,0,0,0,0,0,1,0,5,3,3,1,0,0,0,0,0,0,0,0,1,0,0,0,0,0,0,-
2015,Bobby Farnham,PIT,R,11,0.966666667,0,0,0,0,0,1,0,1,1,1,0,0,0,12,3,1,2,0,1,0,0,0,0,0,0,0,-
2015,Karl Stollery,"COL, S.J",D,10,0.983333333,0,0,0,0,0,0,0,1,0,1,0,0,0,0,0,0,0,0,0,0,0,0,0,0,0,0,-
2015,J.T. Brown,T.B,R,52,3.85,0,0,0,0,0,0,0,0,0,0,0,0,0,12,3,1,2,0,0,0,0,0,0,0,0,0,-
2015,Griffin Reinhart,NYI,D,8,0.2,0,0,0,0,0,0,0,0,0,0,0,0,0,0,0,0,0,0,0,0,0,0,0,0,0,0,-
2015,Henrik Samuelsson,ARI,C,3,6.216666667,0,0,0,0,0,0,0,0,0,0,0,0,0,0,0,0,0,0,0,0,0,0,0,0,1,0,100
2015,Tom Wilson,WSH,R,67,3.416666667,0,0,0,0,0,0,0,0,0,0,0,0,0,53,15,9,5,1,2,0,0,0,0,0,0,0,-
2015,Slater Koekkoek,T.B,D,3,0.033333333,0,0,0,0,0,0,0,0,0,0,0,0,0,0,0,0,0,0,0,0,0,0,0,0,0,0,-
2015,Shayne Gostisbehere,PHI,D,2,4.333333333,0,0,0,0,0,0,0,0,0,0,0,0,0,0,0,0,0,0,0,1,1,0,0,0,0,0,-
2015,Jordan Martinook,ARI,L,8,0.366666667,0,0,0,0,0,0,0,0,0,0,0,0,0,0,0,0,0,0,0,0,0,0,0,0,0,0,-
2015,Jake McCabe,BUF,D,2,1.033333333,0,0,0,0,0,1,0,1,1,0,0,0,1,0,0,0,0,0,0,0,0,0,0,0,0,0,-
2015,Brett Kulak,CGY,D,1,0.65,0,0,0,0,0,0,0,0,0,0,0,0,0,0,0,0,0,0,0,0,0,0,0,0,0,0,-
2015,Cedric Paquette,T.B,C,64,4.933333333,0,0,0,0,0,1,0,1,1,1,1,0,1,15,6,5,1,0,3,0,0,0,0,0,2,0,100
2015,Josh Anderson,CBJ,R,6,0.133333333,0,0,0,0,0,0,0,0,0,0,0,0,0,0,0,0,0,0,0,0,0,0,0,0,0,0,-
2015,Petteri Lindbohm,STL,D,23,0.283333333,0,0,0,0,0,0,0,0,0,0,0,0,0,5,1,0,1,0,1,0,0,0,0,0,0,0,-
2015,Liam O'Brien,WSH,C,13,0.016666667,0,0,0,0,0,0,0,0,0,0,0,0,0,5,1,0,1,0,0,0,0,0,0,0,0,0,-
2015,Jayson Megna,PIT,C,12,0.966666667,0,0,0,0,0,0,0,0,0,0,0,0,0,2,1,1,0,0,0,0,0,0,0,0,0,0,-
2015,Tim Schaller,BUF,C,18,1.033333333,0,0,0,0,0,0,0,0,0,0,0,0,0,0,0,0,0,0,0,0,0,0,0,0,2,0,100
2015,Conor Allen,NYR,D,4,0.466666667,0,0,0,0,0,0,0,0,0,0,0,0,0,0,0,0,0,0,0,0,0,0,0,0,0,0,-
2015,Nate Schmidt,WSH,D,39,0.333333333,0,0,0,0,0,0,0,0,0,0,0,0,0,0,0,0,0,0,0,0,0,0,0,0,0,0,-
2015,Eriah Hayes,S.J,R,4,0.35,0,0,0,0,0,0,0,0,0,0,0,0,0,0,0,0,0,0,0,0,0,0,0,1,0,0,-
2015,Chad Ruhwedel,BUF,D,4,0.716666667,0,0,0,0,0,0,0,0,0,0,0,0,0,0,0,0,0,0,0,0,0,0,0,0,0,0,-
2015,Andrew Miller,EDM,C,9,0.166666667,0,0,0,0,0,0,0,0,0,0,0,0,0,0,0,0,0,0,0,0,0,0,0,0,0,0,-
2015,Sven Andrighetto,MTL,R,12,18.55,0,0,0,0,0,3,0,4,3,3,3,0,0,0,0,0,0,0,0,1,0,0,2,0,0,1,0
2015,Andrew Copp,WPG,C,1,0.566666667,0,0,0,0,0,0,0,0,0,0,0,0,0,0,0,0,0,0,0,0,0,0,0,0,0,0,-
2015,Marko Dano,CBJ,C,35,7.5,0,0,0,0,0,2,0,2,2,2,2,0,0,0,0,0,0,0,0,1,0,1,0,0,0,0,-
2015,Ryan Hartman,CHI,L,5,0.183333333,0,0,0,0,0,0,0,0,0,0,0,0,0,0,0,0,0,0,0,0,0,0,0,0,0,0,-
2015,Jacob De La Rose,MTL,L,33,6.066666667,0,0,0,0,0,0,0,0,0,0,0,0,0,0,0,0,0,0,0,0,0,0,1,0,1,1,50
2015,Emile Poirier,CGY,L,6,1.2,0,0,0,0,0,0,0,0,0,0,0,0,0,0,0,0,0,0,0,0,0,0,0,0,0,0,-
2015,Darnell Nurse,EDM,D,2,0.416666667,0,0,0,0,0,0,0,0,0,0,0,0,0,0,0,0,0,0,0,0,0,0,0,0,0,0,-
2015,Bo Horvat,VAN,C,68,18.33333333,0,0,0,0,0,7,0,8,7,6,5,0,0,0,0,0,0,0,0,0,0,0,0,0,11,12,47.83
2015,Valeri Nichushkin,DAL,R,8,5,0,0,0,0,0,0,0,0,0,0,0,0,0,0,0,0,0,0,0,0,0,0,0,0,0,0,-
2015,Curtis Lazar,OTT,C,67,9.016666667,0,0,0,0,0,1,0,1,1,1,1,0,0,0,0,0,0,0,0,0,0,0,0,0,5,1,83.33
2015,Mirco Mueller,S.J,D,39,12.78333333,0,0,0,0,0,1,0,1,1,0,0,0,1,0,0,0,0,0,0,0,0,0,0,1,0,0,-
2015,Kerby Rychel,CBJ,L,5,0.483333333,0,0,0,0,0,0,0,0,0,0,0,0,0,0,0,0,0,0,0,0,0,0,0,0,0,0,-
2015,Ronalds Kenins,VAN,L,30,3.983333333,0,0,0,0,0,0,0,0,0,0,0,0,0,0,0,0,0,0,0,0,0,0,0,0,0,0,-
2015,Trevor van Riemsdyk,CHI,D,18,2.933333333,0,0,0,0,0,1,0,1,1,0,0,0,0,0,0,0,0,0,0,0,0,0,0,0,0,0,-
2015,Jordan Oesterle,EDM,D,6,5.35,0,0,0,0,0,1,0,2,2,0,0,0,0,0,0,0,0,0,0,0,0,0,0,0,0,0,-
2015,Patrick Brown,CAR,C,7,0.4,0,0,0,0,0,0,0,0,0,0,0,0,0,0,0,0,0,0,0,0,0,0,0,0,0,0,-
2015,Dennis Everberg,COL,R,55,12.98333333,0,0,0,0,0,2,0,3,2,0,0,0,0,2,1,1,0,0,1,1,0,1,0,0,0,0,-
2015,Borna Rendulic,COL,R,11,2.75,0,0,0,0,0,0,0,0,0,0,0,0,0,0,0,0,0,0,0,0,0,1,0,0,0,0,-
2015,Pierre-Edouard Bellemare,PHI,L,81,7.3,0,0,0,0,0,2,0,2,2,0,0,0,0,10,2,0,2,0,0,0,0,0,2,0,7,5,58.33
2015,Sam Reinhart,BUF,C,9,1.1,0,0,0,0,0,0,0,0,0,0,0,0,0,0,0,0,0,0,0,0,0,0,1,0,2,0,100
2015,Sam Bennett,CGY,C,1,0.9,0,0,0,0,0,0,0,0,0,0,0,0,0,0,0,0,0,0,0,0,0,0,0,0,0,0,-
2015,Casey Bailey,TOR,R,6,0.766666667,0,0,0,0,0,0,0,0,0,0,0,0,0,0,0,0,0,0,0,0,0,0,0,0,0,0,-